frame,time_sec,reference_ready,reference_time_sec,reference_delta_sec,viscosity,effective_candidates,update_scope,drag,selection_speed,body_speed,left_knee_angle,right_knee_angle,left_elbow_angle,right_elbow_angle,torso_rotation,face_detected,face_motion,face_update_scope,binary_state,state_id,hex_state
0,0.40844429999924614,0,-1.0,0.0,0.0,0.0,0.0,0.0,0.0,0.0,0.0,0.0,0.0,0.0,0.0,1,0.0,0.0,0000,0,0x0
1,0.5099922999979754,1,0.4799922999979753,0.030000000000000027,0.048937932977270615,3.1342623142725583,0.7878787878787878,0.0,0.30416894256776766,8.0458732205714,119.86553176920678,119.66102705843639,108.800916190728,102.09918682021609,-174.34708699916104,1,0.000700192078823989,0.0,0110,6,0x6
2,0.561805599998479,1,0.531805599998479,0.030000000000000027,0.4530698655874948,4.057356010920911,0.6060606060606061,0.9947216665429638,0.08503311374896741,2.111223831256412,118.06246576911067,119.91128308035155,116.6420551944682,99.26136810537402,-174.52632032705293,1,0.0008538864523696631,0.0,0111,7,0x7
3,0.608817000000272,1,0.5788170000002719,0.030000000000000027,0.23573861124474868,3.9595255923687835,0.7272727272727273,0.7019310465761646,0.12008486336530791,3.853417779326267,117.21272526388594,137.96857997508948,105.72926148923375,99.43673587545011,178.36078525454238,1,0.0007100883726308225,0.0,0111,7,0x7
4,0.6549374999995052,1,0.6249374999995052,0.030000000000000027,0.06649909110743832,2.593199566957812,0.8181818181818182,0.9338127422908681,0.186977415465786,7.228178663922792,116.96776055433567,137.7631346648021,114.58026305006481,102.83070569244843,179.6797436097479,1,0.0005770757355270852,0.0,0111,7,0x7
5,0.6996300999999221,1,0.6696300999999221,0.030000000000000027,0.0585730035804733,3.1222410182258784,0.7272727272727273,0.16762225686457305,0.259125645008309,7.56661700880616,117.95053375924327,139.1509902506291,103.16986135881912,100.67573167596318,-178.96135334137705,1,0.00027903473344281977,0.0,0110,6,0x6
6,0.7465024999983143,1,0.7165024999983143,0.030000000000000027,0.5436677915616448,3.6868429582836058,0.45454545454545453,0.9947576359566053,0.0880848830095746,1.6251117225117269,117.73806752117093,141.9230267944786,106.1311933967295,100.50823060198178,-178.0029074514896,1,0.0004399295221934498,0.0,1111,15,0xf
7,0.794908600000781,1,0.764908600000781,0.030000000000000027,0.18355847763681163,3.274057907798142,0.5151515151515151,0.8952451117610815,0.13616282016622466,4.520591954760709,117.75053153185962,137.15487926377656,109.93262329581653,100.13076076219488,-175.9801023459791,1,0.00046457697158536757,0.0,0111,7,0x7
8,0.8573866999977326,1,0.8273866999977326,0.030000000000000027,0.5487207975806343,4.064328068370153,0.42424242424242425,0.8976672156561429,0.0837178484233751,1.6004414193673595,120.33745257427103,134.0304369978925,111.36975054414786,97.62327668834754,-178.06791778583596,1,0.00033251748402148473,0.0,1111,15,0xf
9,0.9031732000003103,1,0.8731732000003103,0.030000000000000027,0.01719636187148574,2.7710282233423595,0.8181818181818182,0.9998047693447921,0.1774053255580636,10.834819831028565,117.33778530748066,119.23441002918413,118.5519008780392,108.605210994727,-175.94560026451225,1,0.0012722866563510305,0.010460251046025104,0111,7,0x7
10,0.9562369999985094,1,0.9262369999985094,0.030000000000000027,0.05190662984940724,1.8550032206724187,0.6666666666666666,0.9001478595333997,0.2697060837278929,7.888823344548156,117.78297708426958,123.23775563838862,100.22014323419248,101.2776452843164,-177.5695658963999,1,0.0052823554396803,0.100418410041841,0011,3,0x3
11,0.9983675000003132,1,0.9683675000003131,0.030000000000000027,0.14375608232327372,4.028909315820196,0.9090909090909091,0.8759815840007011,0.11567793317569208,5.172366102361912,120.0997325593543,126.79239628436206,108.8364985161176,102.41693155374888,-167.70930491891642,1,0.0038524878960844305,0.014644351464435146,0111,7,0x7
12,1.0298184999992372,1,0.9998184999992372,0.030000000000000027,0.00018361124960960659,2.4240230916544405,0.9393939393939394,0.9999999615917246,0.20623079976014416,22.940506158057264,116.30107978124231,114.65858494588146,133.98852091156883,109.75426323538301,178.63104248651493,1,0.004686518507378443,0.03347280334728033,0011,3,0x3
13,1.0608456999980262,1,1.0308456999980262,0.030000000000000027,0.004724725253091627,1.5235123537798614,0.7272727272727273,0.9996535169256908,0.3267022899669616,14.279855645922382,115.06482977646054,116.94350006109825,115.04960008023691,103.10162783420294,179.86290119150766,1,0.007469769250712893,0.3619246861924686,0011,3,0x3
14,1.1070101999976032,1,1.0770101999976032,0.030000000000000027,0.14188632785415525,2.5809466101562126,0.5454545454545454,0.9997704858242263,0.16967503668447817,5.207277466741021,116.48936960545065,121.05788155096901,112.3166482314755,102.6456274085877,176.86618070993038,1,0.003869892960047242,0.006276150627615063,0111,7,0x7
15,1.1561034000005748,1,1.1261034000005747,0.030000000000000027,0.021464286138948217,3.778947012250184,0.9090909090909091,0.9870892016661651,0.1303732967057556,10.243639559566724,124.78085973266536,145.40134033369338,112.25376780712776,100.87246093095877,-177.72887854580603,1,0.0033006139676325747,0.0020920502092050207,0111,7,0x7
16,1.200724700000137,1,1.170724700000137,0.030000000000000027,0.569200806700406,3.558547708745527,0.5757575757575758,0.9996802358779208,0.08955464782584961,1.5027253213718572,125.29205200114535,148.70205535936486,108.06158796536805,99.76760694344311,-178.5305200393578,1,0.008419355208398144,0.3179916317991632,1111,15,0xf
17,1.248014000000694,1,1.218014000000694,0.030000000000000027,0.6338425949009349,4.1254813198642175,0.36363636363636365,0.14244776653817692,0.12986101946942108,1.2158790090578062,121.53366599965092,148.39671167616657,105.10167597031472,99.7430970325755,-178.78553329252455,1,0.0070296595063429525,0.19874476987447698,1100,12,0xc
18,1.2941486999989138,1,1.2641486999989138,0.030000000000000027,0.4921796336535,3.6534371106554495,0.36363636363636365,0.32504322607101416,0.13843541588228703,1.8904307201975727,124.78419211083461,148.23242098973117,103.56500679467804,97.81757904007496,-175.2857447611558,1,0.006985824567399599,0.2510460251046025,0101,5,0x5
19,1.3256925999994564,1,1.2956925999994564,0.030000000000000027,0.3494789812664569,3.692539386502949,0.42424242424242425,0.4272549438760558,0.1406070779384729,2.8034982894789633,124.82683902558949,151.802643066139,105.29146587267573,100.98174036230769,-175.25874702316156,1,0.012953652274293341,0.608786610878661,0111,7,0x7
20,1.3604634000002989,1,1.3304634000002988,0.030000000000000027,0.10575451801436607,4.66615175439623,0.9393939393939394,0.9207244291679761,0.10090608543078579,5.991025969142046,124.24136675465544,135.13056600441914,102.74857268966834,99.29221881958887,-174.69489378584072,1,0.00984174358322946,0.4895397489539749,0111,7,0x7
21,1.4046854000007443,1,1.3746854000007442,0.030000000000000027,0.2390974110803112,4.9663631995855795,0.9393939393939394,0.7960251743090435,0.09047813781150753,3.8156912862559547,126.61637927791291,137.18388260552467,109.15520371453717,105.72195509396849,-177.0665330396357,1,0.02698470339358502,0.801255230125523,0111,7,0x7
22,1.4512240999974892,1,1.4212240999974892,0.030000000000000027,0.1510727084648743,4.09810371301836,0.696969696969697,0.5456362520023376,0.13715353401160013,5.0399841201199695,126.92422149291312,139.83969671905007,111.43370254399296,109.49074704882868,-169.7110364373313,1,0.017133879968888877,0.6464435146443515,0111,7,0x7
23,1.4852305999993405,1,1.4552305999993405,0.030000000000000027,0.07800600555903738,3.2902925150787303,0.8787878787878788,0.7070702630342004,0.16515545132795278,6.80258522909286,126.2620115951016,135.5433347545582,116.84675218657163,105.45086392064108,-170.90993328035572,1,0.007828954290432052,0.3493723849372385,0111,7,0x7
24,1.5287031000007119,1,1.4987031000007118,0.030000000000000027,0.009412618721584203,3.162516689091934,0.9393939393939394,0.9929144246043552,0.1571845274680279,12.441877527340667,125.56026987463551,133.70133388101232,109.52471779813216,113.81926314117622,-173.3753620271803,1,0.008224359418445735,0.3682008368200837,0111,7,0x7
25,1.5613487999980862,1,1.5313487999980862,0.030000000000000027,0.10213303364728518,4.25226862388106,0.9393939393939394,0.9965401070183656,0.10687281525529561,6.083944170802631,129.5616274606929,129.93904324362197,115.03499852422038,111.0557146646618,-173.3380610465779,1,0.006385762755658187,0.0397489539748954,0111,7,0x7
26,1.5921964000008302,1,1.5621964000008302,0.030000000000000027,0.582616513524955,3.6012782556900578,0.2727272727272727,0.9809325681000024,0.08857230278942961,1.440602907534536,128.26746900428174,133.72962526924692,115.1473533137457,110.23114387615621,-174.00633077704296,1,0.010395373134115947,0.5251046025104602,1101,13,0xd
27,1.6248476000000664,1,1.5948476000000664,0.030000000000000027,0.09874730169338054,2.1489669001688947,0.6060606060606061,0.9825576226394365,0.21362232296925865,6.173843200528594,127.27292392580145,139.50105869184742,124.34411889512539,105.51340126246218,-176.92709497844385,1,0.010703085934492394,0.5669456066945606,0011,3,0x3
28,1.6597720999998273,1,1.6297720999998273,0.030000000000000027,0.5477703215526792,4.296429171366015,0.5454545454545454,0.9794716556302182,0.07596902299018186,1.605064536384581,125.41809499532826,137.78609326032563,116.95382681292612,103.57327092255082,-176.75993486175753,1,0.01234997886003632,0.5690376569037657,1111,15,0xf
29,1.704497499998979,1,1.674497499998979,0.030000000000000027,0.10970592029804911,3.1139876148899153,0.7575757575757576,0.9729110800562553,0.14667892020839549,5.893205186880412,123.5336817140431,136.30670307799053,119.75065852233094,102.85801854886451,176.1501050555048,1,0.008798993313821746,0.4811715481171548,0111,7,0x7
30,1.7545749999990221,1,1.724574999999022,0.030000000000000027,0.5338915244185258,3.5641383504045576,0.6363636363636364,0.9710201258641252,0.09280251362624736,1.6735002625339748,122.72998405678948,141.4880065417676,120.51408461661238,104.587624897034,178.17431916494698,1,0.007242332986232391,0.26359832635983266,1111,15,0xf
31,1.7946192999988853,1,1.7646192999988852,0.030000000000000027,0.0024771136575948076,3.827582121106864,0.9393939393939394,0.9999988023107398,0.13030806042497392,16.00176331825602,128.5805527298563,130.33814742816085,138.8486132296938,152.7272625662824,161.34994033635226,1,0.0048535241584444075,0.07531380753138076,0111,7,0x7
32,1.826045999998314,1,1.796045999998314,0.030000000000000027,0.004261164460393109,3.4971417857667593,0.9393939393939394,0.6189273876980743,0.1758784869873306,14.55523415611562,129.83267482111623,138.7513970178722,142.54746019900278,150.2777365030378,169.07718579961238,1,0.009133363916738604,0.3723849372384937,0111,7,0x7
33,1.8575758000006317,1,1.8275758000006317,0.030000000000000027,0.0185434983345069,4.314089917435164,0.9393939393939394,0.9611484684173452,0.11604348240003685,10.633696121234038,124.11573442223437,138.0350681003748,148.87082053336363,146.2331414806666,153.90867013305862,1,0.00866348291063307,0.39748953974895396,0111,7,0x7
34,1.8889146000001347,1,1.8589146000001346,0.030000000000000027,0.0020904944641270684,4.1388991813242395,1.0,0.9940857895023613,0.12091059858928213,16.454279080748442,124.61784910254524,158.44580373502703,139.49893148431096,143.35496147089825,166.10682754495156,1,0.014377053803017606,0.6129707112970711,0111,7,0x7
35,1.9357958000000508,1,1.9057958000000508,0.030000000000000027,0.1236745492779244,4.001571416979795,0.9393939393939394,0.9999623638678795,0.11120058202144222,5.573604710086203,121.39893114883684,163.83094787169298,129.56310039224783,131.69909345421084,172.71881959254821,1,0.018537958503542847,0.7238493723849372,0111,7,0x7
36,1.9851911999976437,1,1.9551911999976437,0.030000000000000027,0.18625886530985575,4.680325795629622,0.9393939393939394,0.4975001842455791,0.1202756075215606,4.481647530336455,116.37314864360233,163.35003695985677,127.26281313654091,121.57046545847062,172.26959210183827,1,0.015328341813512303,0.6820083682008368,0111,7,0x7
37,2.0290875999999116,1,1.9990875999999116,0.030000000000000027,0.04125160450122171,3.889692936343535,0.9393939393939394,0.9647224629262442,0.1256688924717702,8.501507386556263,115.43601205526903,164.0048097380999,126.97988512127095,133.03764012426342,-179.31281816317684,1,0.014594948699320683,0.6297071129707112,0111,7,0x7
38,2.059525399999984,1,2.0295253999999843,0.029999999999999805,0.1310230935414784,3.8391955034818768,0.8484848484848485,0.9122733982392979,0.12043100639250581,5.419684492643948,115.71017152089969,161.61732037464637,136.59408240859702,128.79271103581334,-179.4879313557606,1,0.011266732399371876,0.4372384937238494,0111,7,0x7
39,2.092903299999307,1,2.062903299999307,0.029999999999999805,0.19585934909513103,3.5789045346850177,0.8181818181818182,0.4899776568668171,0.15681587545547152,4.347622624032076,116.55168401752472,160.93325057213235,130.73816950775287,131.60054744431451,-176.10034628273223,1,0.012930352826796826,0.5543933054393305,0111,7,0x7
40,2.1215582999975595,1,2.0915582999975597,0.029999999999999805,0.000664473571498001,4.075371471714636,0.9393939393939394,0.9999994802606126,0.12260676533336846,19.510707873637298,122.79819490098889,167.72409042146055,128.98797161300746,129.82068384623278,178.86162461766696,1,0.016846473203323525,0.6401673640167364,0111,7,0x7
41,2.1571168999980728,1,2.127116899998073,0.029999999999999805,0.25285563304307745,3.8712536943920437,0.9393939393939394,0.9999997369872416,0.10309020390903964,3.6664975293426374,124.92977930664173,165.30486642357175,136.22385314775465,131.18037945061263,177.87687399956334,1,0.008000190464946799,0.19665271966527198,0111,7,0x7
42,2.202490299998317,1,2.172490299998317,0.029999999999999805,0.03251229687453949,3.7896626991867834,0.9393939393939394,0.9916117494050458,0.12832153041367392,9.136365055568394,130.43740459827328,171.66218657251818,137.28260976898812,133.54284972175873,177.11737245131155,1,0.017472831956105477,0.7489539748953975,0111,7,0x7
43,2.2528423000003386,1,2.2228423000003388,0.029999999999999805,0.062179451008133976,4.2141513972388935,0.9393939393939394,0.6985902226248328,0.13152349800432986,7.407281875907314,130.54260142530404,164.60053738013423,151.7864970964149,146.21095383150723,176.13036715362443,1,0.007125243800738892,0.13179916317991633,0111,7,0x7
44,2.3061125999993237,1,2.276112599999324,0.029999999999999805,0.10720875880211443,4.1228108404739645,0.9393939393939394,0.6208197603451543,0.13515818627092213,5.954606209172098,127.78363005186095,152.78985209391254,156.7949669236547,151.96473338593773,172.29996118936148,1,0.006174562080290089,0.20711297071129708,0111,7,0x7
45,2.346263600000384,1,2.3162636000003842,0.029999999999999805,0.015755796165926362,4.71121757595142,0.9393939393939394,0.9880421669233681,0.10511191238189073,11.068125255666088,124.99452136873111,146.04753739603373,156.5390164758725,153.12831972177477,174.2639174343908,1,0.01224545097719842,0.5271966527196653,0111,7,0x7
46,2.3914678000001004,1,2.3614678000001006,0.029999999999999805,0.12020970279622176,4.095673641784156,0.9090909090909091,0.9911737132875725,0.10946270512284319,5.649380101441457,123.61590216756422,140.98150549519303,158.2156328625202,154.19516694934518,173.3250206072345,1,0.003885252785647074,0.010460251046025104,0111,7,0x7
47,2.440506299997651,1,2.410506299997651,0.029999999999999805,0.13413724346752345,3.0644280598654925,0.7272727272727273,0.14513551640504327,0.2512627292394904,5.3570447951727695,122.89101392007579,145.1587603947814,155.43189233261447,145.19281632542265,173.30470419541783,1,0.009450059446673643,0.4707112970711297,0110,6,0x6
48,2.4890919999998005,1,2.4590919999998007,0.029999999999999805,0.23424934157605157,3.8871361918214498,0.8181818181818182,0.6311730134312046,0.12778130258824005,3.8703177830457554,123.87997372043111,145.34762909536116,156.64635261831094,149.47024209571683,177.23950354017768,1,0.006574440039211553,0.15271966527196654,0111,7,0x7
49,2.5204587999978685,1,2.4904587999978687,0.029999999999999805,0.22994282070490904,4.469210862803524,0.8787878787878788,0.02473553730088206,0.17753027872247865,3.9197989509260904,123.98565744391964,145.71627786581865,159.05721319959596,153.62395725517675,-179.9656977738601,1,0.010908919056332064,0.3891213389121339,0110,6,0x6
50,2.5493452999980946,1,2.5193452999980948,0.029999999999999805,0.052997706232953024,4.611810841601565,0.9393939393939394,0.9608430593716565,0.10501667256499893,7.8333510533069575,120.72020325683899,145.0673083605362,154.61339157095034,152.49370153545334,179.28855753074163,1,0.009315674242481215,0.3786610878661088,0111,7,0x7
51,2.5957673999982944,1,2.5657673999982946,0.029999999999999805,0.4910953788772862,4.102005031837983,0.6060606060606061,0.9947342329376772,0.08196215073356854,1.8963117752533132,121.03521274857496,144.04670904806113,158.67621411068862,151.41771711504154,-177.7182817011569,1,0.006830201755467246,0.2301255230125523,0111,7,0x7
52,2.642125099999248,1,2.6121250999992482,0.029999999999999805,0.1395304112256312,3.2129362582333107,0.9090909090909091,0.9325764791850506,0.14133030002300778,5.251927199632537,119.391720296718,141.6694480057445,159.77262692861694,155.44657329448148,-177.00499115050704,1,0.004094887401146088,0.014644351464435146,0111,7,0x7
53,2.7045002999984717,1,2.674500299998472,0.029999999999999805,0.24587105514896382,4.393652458799426,0.9393939393939394,0.6383394488804839,0.11150576314460875,3.741194790757226,115.11694412696423,144.57689728765124,163.8787922397256,152.87726624121754,-166.27607167667534,1,0.007439013974173303,0.21338912133891214,0111,7,0x7
54,2.7515734000007797,1,2.72157340000078,0.029999999999999805,0.08233275339953178,3.6906020559625587,0.8181818181818182,0.8974032511008633,0.13194178009193464,6.65863006607327,117.50625935131991,155.42141331567095,165.16222115550917,147.22701306921698,-163.56354283544147,1,0.008498276312923353,0.25732217573221755,0111,7,0x7
55,2.7824402999976883,1,2.7524402999976885,0.029999999999999805,0.19249428929681836,4.1806181586265305,0.9090909090909091,0.8118379153701809,0.11070923397898187,4.393836777826419,118.48012607540225,157.08512522753418,167.3868411888933,148.6097481795683,-165.80767274335355,1,0.008214477221521528,0.2803347280334728,0111,7,0x7
56,2.8133961999992607,1,2.783396199999261,0.029999999999999805,0.1445506918267366,3.70762923886232,0.9090909090909091,0.364369360194863,0.17271764649641821,5.157666731890792,119.11369771470368,155.18630783235326,163.770896581358,146.73078391298293,-167.48591389982772,1,0.015506185588012965,0.7092050209205021,0111,7,0x7
57,2.845147399999405,1,2.815147399999405,0.029999999999999805,0.02982145229179888,2.9584147381468626,1.0,0.9707148958670463,0.16655405433570952,9.366739383715226,119.01371568951801,154.6068757000013,164.9884830171348,140.82930432617064,178.9530415287065,1,0.0058959059068314735,0.1694560669456067,0111,7,0x7
58,2.876838399999542,1,2.8468383999995424,0.029999999999999805,0.2799670180199637,3.069076104722525,0.7272727272727273,0.9949139267544995,0.12760550216646277,3.394889268098279,119.23862351319363,154.02723632445245,168.55053254452724,146.33868737332045,-174.69991651974217,1,0.008551354250788038,0.36610878661087864,0111,7,0x7
59,2.90930699999808,1,2.87930699999808,0.029999999999999805,0.0485068485227449,4.842227727317002,1.0,0.9815135488511375,0.09940002006632892,8.069467424941084,120.27469740525342,149.45071501143977,167.311832109243,145.90581990875853,-162.27783940202744,1,0.00918438054298226,0.38284518828451886,0111,7,0x7
60,2.9402047999974457,1,2.910204799997446,0.029999999999999805,0.2710956157372267,4.749959469532845,0.9696969696969697,0.9798727035755307,0.08365552080012928,3.4807565192856984,121.49680164417542,147.30606675187815,163.27375684580923,146.77568784929116,-160.79630917462057,1,0.007945482911971917,0.29707112970711297,0111,7,0x7
61,2.9707839000002423,1,2.9407839000002425,0.029999999999999805,0.1072183274522112,3.885441030714681,0.9393939393939394,0.8445421441384396,0.12601952246291398,5.954368213117395,123.32850619950673,146.43997124951412,159.17892833285023,149.28004950917736,-160.47409994689608,1,0.007894376133300803,0.28870292887029286,0111,7,0x7
62,3.0039200999999593,1,2.9739200999999595,0.029999999999999805,0.08758175813305284,4.178170689208432,0.9393939393939394,0.263369813983652,0.1741892749087612,6.4938201152403545,124.0192673211076,147.75467115451994,157.57578332575855,153.81483230221485,-171.76819415255386,1,0.007144129531799749,0.11715481171548117,0110,6,0x6
63,3.033736499997758,1,3.0037364999977583,0.029999999999999805,0.5781662316127681,4.666015427041113,0.45454545454545453,0.9870430403999614,0.0683429638333872,1.4610502765657578,124.32367444215394,148.2654667510951,157.0414013976386,152.8322806101278,-171.75647074966662,1,0.007810641283931594,0.28451882845188287,1111,15,0xf
64,3.0809435000010126,1,3.0509435000010128,0.029999999999999805,0.3411127453771222,4.75304645692888,0.9090909090909091,0.6066043626000346,0.09764583173282163,2.868112599308659,123.39996807680504,146.77361283913112,156.94856929415272,153.1064740314918,-169.187959751379,1,0.004956783349546997,0.05230125523012552,0111,7,0x7
65,3.111608299997897,1,3.0816082999978973,0.029999999999999805,0.06822562692766172,3.7441697215991607,0.9393939393939394,0.9730064048087386,0.1267222821269884,7.159826728828556,124.29914706924929,147.9834298285455,154.59554066503085,153.30071579878927,-166.40787626980605,1,0.009638773481422766,0.4225941422594142,0111,7,0x7
66,3.143846200000553,1,3.113846200000553,0.029999999999999805,0.005944746965673382,4.4695847858767435,0.9393939393939394,0.9970200338896672,0.11137206473871963,13.667326166105768,119.1015169625012,146.46644636622955,161.08619063315388,150.19124780871041,-152.748507916819,1,0.010119997661644859,0.3389121338912134,0111,7,0x7
67,3.1754732000008516,1,3.145473200000852,0.029999999999999805,0.00576090867932923,4.507546195107403,1.0,0.04185918928839201,0.21171714819088264,13.751093493036478,118.65666117623061,154.46328145095953,157.46002457785767,146.56031961104057,-166.9757337109245,1,0.015887602331779167,0.5564853556485355,0110,6,0x6
68,3.2074751000000106,1,3.1774751000000108,0.029999999999999805,0.014293849166320583,4.5885562036501994,0.9393939393939394,0.8371723954113411,0.11695269697767757,11.32780256660617,119.80059319996236,154.17747273193672,162.9673977199175,144.81179575707912,-168.77297786184874,1,0.011754350485118954,0.5878661087866108,0111,7,0x7
69,3.2370444999978645,1,3.2070444999978647,0.029999999999999805,0.07713234107150678,4.35695325513283,0.9393939393939394,0.977921166220483,0.10773059430345357,6.8326203125731135,121.26529109494797,152.73854278923224,160.53805523514117,142.70708431845677,-167.81016054607625,1,0.011637848359924588,0.48535564853556484,0111,7,0x7
70,3.2687933999986853,1,3.2387933999986855,0.029999999999999805,0.0016722357605686428,2.582701388868117,0.9393939393939394,0.999926912443811,0.19327961109832192,17.049583384360457,123.52568067684828,151.11778434536814,165.03216342011413,95.30328959764239,-166.4424671064362,1,0.011188976756788881,0.47280334728033474,0111,7,0x7
71,3.3151216999976896,1,3.2851216999976898,0.029999999999999805,0.0066671840372203904,3.6929180870722833,0.9393939393939394,0.9511822230103165,0.13786263766615464,13.361487177398367,124.04294901265185,153.15794473648674,163.02198104198965,102.35175631167309,-174.7797327728847,1,0.01022969242934958,0.5376569037656904,0111,7,0x7
72,3.361858799999027,1,3.331858799999027,0.029999999999999805,0.005798088003798256,4.624042853867545,1.0,0.1841025137229317,0.18158419327047381,13.73393885412089,125.60235908528468,154.15510538103075,156.9918741465066,122.32906231459813,-155.934678603774,1,0.009675379140182013,0.3138075313807531,0110,6,0x6
73,3.406812599998375,1,3.376812599998375,0.029999999999999805,0.15387090857302338,4.811638634128447,0.9393939393939394,0.9996808686637855,0.09007184961017489,4.991043424322371,135.21658237536138,160.6397361485609,142.1565856104279,128.9302373344878,-161.31468627624528,1,0.011968846560802958,0.6589958158995816,0111,7,0x7
74,3.438848699999653,1,3.4088486999996532,0.029999999999999805,0.06084279840522627,4.2465143643833265,0.9393939393939394,0.8446247638934052,0.12033953674875116,7.465231510687265,134.33172176291282,160.2298343544534,148.34135207939698,136.2353003828282,-160.15350765874174,1,0.0173128323261209,0.6861924686192469,0111,7,0x7
75,3.4875733999979275,1,3.4575733999979277,0.029999999999999805,0.2274683772978444,4.783237653059311,0.9393939393939394,0.9423117530565278,0.0876897416023923,3.9486508030433503,130.13602854964293,157.4622319598841,144.93821016379508,135.19675206469483,-168.2051178559251,1,0.01772369113361242,0.6610878661087866,0111,7,0x7
76,3.5170560000005935,1,3.4870560000005937,0.029999999999999805,0.029878441485286497,3.709589380680986,0.9393939393939394,0.9911230617754785,0.13145892929062444,9.361648211212895,125.40992787027017,157.6764367709784,144.67687545253338,138.48554271464891,-169.00383940868616,1,0.01672821593114696,0.797071129707113,0111,7,0x7
77,3.5640839000006963,1,3.5340839000006965,0.029999999999999805,0.020033877528217833,4.661070983320822,0.9393939393939394,0.48763283768362836,0.1413851936413448,10.427548165354533,121.17135289790482,151.3250774895747,157.9369375096274,133.73963678703961,-158.51885568995164,1,0.017443253626378,0.8535564853556485,0111,7,0x7
78,3.595824600000924,1,3.565824600000924,0.029999999999999805,0.0029618374053197853,4.34075662558723,1.0,0.9878519315700007,0.11554898171849985,15.525187888501994,129.25534091404276,156.4035632164494,166.20668546494522,115.07078990182535,-176.49456020756858,1,0.04745869819471662,0.9456066945606695,0111,7,0x7
79,3.6458558999984234,1,3.6158558999984236,0.029999999999999805,0.0006649504240772769,4.6059637713472865,1.0,0.9634438903286039,0.11050254975895882,19.50879485425923,144.06544892753044,156.7041463704944,156.5757198721487,127.25146615786235,-146.2679497440846,1,0.03511794877013541,0.9330543933054394,0111,7,0x7
80,3.6798993999982486,1,3.6498993999982488,0.029999999999999805,0.0014331982410224922,4.466211049784945,1.0,0.7714644452263274,0.1262136521315774,17.460924799578798,139.06720285435594,150.5404402525041,135.2283946343779,129.54528329464972,-141.7324104430389,1,0.02875218402396457,0.8138075313807531,0111,7,0x7
81,3.7235426000006555,1,3.6935426000006557,0.029999999999999805,0.0038729809769202476,4.126973692947423,1.0,0.8681422437067291,0.1292050810789438,14.809948773809527,139.86083302458061,157.57338515821678,162.98544142257103,142.63022813868272,-162.3209470313416,1,0.01783715230645291,0.7552301255230126,0111,7,0x7
82,3.7555265000009967,1,3.725526500000997,0.029999999999999805,0.02120245511635873,3.074979301542652,0.8787878787878788,0.978744033906156,0.16093716049253273,10.27636879102384,137.70714951010103,153.36757704381665,158.43113348124217,139.06603252325013,176.918103641569,1,0.022150406197268515,0.8598326359832636,0111,7,0x7
83,3.7865214999983436,1,3.756521499998344,0.029999999999999805,0.01233078646145391,3.6600643223293403,0.8484848484848485,0.6185731010937204,0.16674642019189437,11.721749811882976,133.24894754711028,153.23520610534342,141.39809276870832,139.4759019962336,178.88088474616723,1,0.043912760901641784,0.6234309623430963,0111,7,0x7
84,3.8239701999991667,1,3.793970199999167,0.029999999999999805,0.035295966646580024,4.327753290414261,0.9090909090909091,0.8858318846917628,0.11835047583936482,8.91729754899915,134.50091617295132,131.93739156125625,153.39208059019438,133.02106826558799,-169.0074635195518,1,0.01843582164057711,0.7510460251046025,0111,7,0x7
85,3.8646532999991905,1,3.8346532999991907,0.029999999999999805,0.036969422680786776,4.3828583789277,0.9393939393939394,0.06168486192072438,0.20724353274354226,8.793770992104141,123.79581108675437,126.64029632587135,150.6096940833048,125.41942677635544,-168.72319126377056,1,0.019255587331488508,0.6506276150627615,0110,6,0x6
86,3.9102674999994633,1,3.8802674999994635,0.029999999999999805,0.20583214241614536,3.5452055648408884,0.8787878787878788,0.9796699681370717,0.1181622975154235,4.215184759992947,123.19864877340697,131.6542467340855,123.55272502919226,124.35250945374403,-167.75536190993694,1,0.00782145325331472,0.26359832635983266,0111,7,0x7
87,3.9566873000003397,1,3.92668730000034,0.029999999999999805,0.42628337669859806,4.2927372771357115,0.7575757575757576,0.7490224663437911,0.09338228178617528,2.273735867585944,120.5656475221972,133.92386972632806,104.74613733848071,117.65948934552131,-164.96841648264197,1,0.010691318820820708,0.5104602510460251,0111,7,0x7
88,4.006355599998642,1,3.976355599998642,0.029999999999999805,0.2005025650559869,4.694976910414886,0.8484848484848485,0.7639789074733604,0.10057963588777788,4.285141970721772,115.22131148103496,133.8361497922125,100.29472912759024,115.33421331619918,-172.28901555287942,1,0.0052787536654555715,0.07531380753138076,0111,7,0x7
89,4.050850999999966,1,4.020850999999966,0.03000000000000025,0.20428108162672978,4.429659934894834,0.7878787878787878,0.024888001613087924,0.182904900059973,4.235355686379445,116.56409283691734,137.38631555286236,93.71015315518237,108.80250270363143,-174.1620194868745,1,0.009637023935678269,0.4665271966527197,0110,6,0x6
90,4.097388399997726,1,4.067388399997726,0.03000000000000025,0.18532907267826582,4.463007596440024,0.9090909090909091,0.1290941196429797,0.16741844037713166,4.494992700826541,117.35409155239289,119.32619154191444,103.21056555503574,117.08474735069571,-175.93154924677575,1,0.006211906602707798,0.14644351464435146,0110,6,0x6
91,4.128450199998042,1,4.098450199998042,0.03000000000000025,0.303236216212737,4.6064288577750485,0.8484848484848485,0.5760330951927412,0.10569322714021644,3.1819818286270922,115.70266034800775,127.10781620289949,98.96259280857241,112.47309806107971,179.69645728719996,1,0.007438870987826626,0.2615062761506276,0111,7,0x7
92,4.160959099997854,1,4.130959099997853,0.03000000000000025,0.1464459172024868,2.907644972864888,0.7878787878787878,0.7489127420159845,0.17152874440635194,5.1229308920981875,116.15657602670579,121.81971843692304,107.72136835428994,130.3983236935481,178.92868496759039,1,0.005040868042260564,0.043933054393305436,0111,7,0x7
93,4.191516299997602,1,4.161516299997602,0.03000000000000025,0.1398743978752162,3.9289457807334083,0.7575757575757576,0.06113876093144931,0.21042376478627303,5.245361112250995,117.67064763618485,121.99236086873796,112.53418030299275,119.98384413858916,-179.16390074024966,1,0.006973663296926468,0.14853556485355648,0110,6,0x6
94,4.222107599998708,1,4.192107599998708,0.03000000000000025,0.11741693973228128,4.2934684968630314,0.8181818181818182,0.22920627099198018,0.16957104684929591,5.712064243365589,124.699763638652,127.04776344519045,117.7006393074738,103.72362549240748,-175.70326992676823,1,0.009734571380244863,0.3912133891213389,0110,6,0x6
95,4.253658699999505,1,4.223658699999505,0.03000000000000025,0.10107921377348185,4.168840821518727,0.8181818181818182,0.19715322394474707,0.18197695077767445,6.111602066006265,125.4496745142652,124.34951489394427,98.06989064394507,105.03820051815308,-175.25548622732316,1,0.0063362668803558534,0.13389121338912133,0110,6,0x6
96,4.284173399999418,1,4.254173399999417,0.03000000000000025,0.21623352529904438,3.2579505715276285,0.696969696969697,0.767386426851605,0.14279303454929368,4.083723519094631,126.67014050199504,125.33830158196747,100.5426101603024,106.54880306251671,-172.14049580709485,1,0.011950484480424734,0.6401673640167364,0111,7,0x7
97,4.315698200000043,1,4.285698200000042,0.03000000000000025,0.18163303334956513,4.020429411705449,0.7878787878787878,0.2283937350215925,0.17135916698065884,4.548711807073028,125.61344590629405,127.98618307753136,94.81068731861787,109.56392561762493,-170.32845862288798,1,0.019138211184247213,0.6569037656903766,0110,6,0x6
98,4.346972999999707,1,4.316972999999707,0.03000000000000025,0.3643890959831809,4.260670995637442,0.8181818181818182,0.7298058562249778,0.09944578887766457,2.692088099337467,127.43132825245601,127.00601845734897,92.67144606897723,104.37811132231417,-172.69442107597095,1,0.021296982756037582,0.6882845188284519,0111,7,0x7
99,4.394460399998934,1,4.364460399998934,0.03000000000000025,0.28264876957883556,4.865727562263999,0.9090909090909091,0.32630703646416787,0.12080930580818935,3.369467330752099,127.47404857985963,125.65849242880275,95.63163737324925,101.91280228483723,-172.88044786021672,1,0.010219999436186213,0.4602510460251046,0111,7,0x7
100,4.45632409999962,1,4.426324099999619,0.03000000000000025,0.14984633797950903,4.297586326464627,0.9090909090909091,0.6890403026376762,0.11981069070451979,5.06171979580242,129.42679017456564,122.26000356045559,111.52618177408787,113.58062320596667,-171.13955153222497,0,0.0,0.0,0111,7,0x7
101,4.520432699999219,1,4.490432699999219,0.03000000000000025,0.42540081887006165,3.536920462032908,0.7272727272727273,0.8834409055642026,0.10531390197637948,2.2792625367372508,130.08651109059983,123.17419717023341,98.42368245542863,127.21204235874325,-167.28114303335613,1,0.021398127098277486,0.801255230125523,0111,7,0x7
102,4.579961299998104,1,4.549961299998103,0.03000000000000025,0.057943351213787325,4.334074820823321,0.8181818181818182,0.9902250109233247,0.10958194444118301,7.595438530484376,137.29914333967298,142.32198632900796,106.67473359541917,126.2862636994656,-166.0314975867813,0,0.0,0.0,0111,7,0x7
103,4.626763500000379,1,4.596763500000379,0.03000000000000025,0.043159319131583086,3.964467300728005,0.8484848484848485,0.37373425074234773,0.17601990863129513,8.380951771110649,137.71624350870695,125.35433135729488,103.79924096189947,129.20683505525145,-166.80195016960207,0,0.0,0.0,0111,7,0x7
104,4.672882700000628,1,4.642882700000627,0.03000000000000025,0.02200300638468963,4.052234152556226,0.9393939393939394,0.7154653711639652,0.14075743315232403,10.177536482961461,143.0321239669025,150.63664904603698,84.28418141270312,127.1033809223392,-175.79969501620278,1,0.00908276703840683,0.40585774058577406,0111,7,0x7
105,4.719372100000328,1,4.689372100000328,0.03000000000000025,0.21395339913457923,4.47340933590897,0.9393939393939394,0.9953677657872156,0.0922861211364305,4.1119921299387245,142.65344578418018,152.05659662328458,121.8559552679174,124.13482992385038,177.5723438446068,1,0.04412207355426263,0.9937238493723849,0111,7,0x7
106,4.7534081999983755,1,4.723408199998375,0.03000000000000025,0.07223385201150326,4.232781099370265,0.9393939393939394,0.8952568493194386,0.11625632799871853,7.007590609441763,144.25848881520702,154.32941031702816,138.18116849855377,127.17520094803447,172.36507840452254,1,0.015145018754219967,0.6464435146443515,0111,7,0x7
107,4.797604399998818,1,4.767604399998818,0.03000000000000025,0.2455103507574099,4.578215684058518,0.9090909090909091,0.9262380254246994,0.09104297866818556,3.7451097885111917,144.93875586622937,156.05990053378937,147.30798006953088,128.4206423538352,167.04671739138934,1,0.0074383837494201655,0.21338912133891214,0111,7,0x7
108,4.844589699998323,1,4.814589699998323,0.03000000000000025,0.36451619724937284,3.5095130609558796,0.7575757575757576,0.48306601486215606,0.14080366483882883,2.691158110993502,144.85704097322846,155.03671648191332,145.7214476448923,128.96110928717428,172.89147289006578,1,0.00818845264552713,0.42677824267782427,0111,7,0x7
109,4.892540999997436,1,4.862540999997436,0.03000000000000025,0.4027859229643451,4.374434091236678,0.7575757575757576,0.13233163196970557,0.1439173268854053,2.4249335112050114,146.27098905636896,154.65560686389176,154.9919211511115,129.09504551533553,170.52417006028142,1,0.005070574824271764,0.0,0110,6,0x6
110,4.940181300000404,1,4.910181300000404,0.03000000000000025,0.5194865015323004,4.310170147488602,0.6363636363636364,0.32680541584301653,0.11508043727936154,1.7464385396169768,145.56584145816817,151.35539471035847,147.99467823252874,128.72833747092366,171.462548903847,1,0.005014317698740658,0.08368200836820083,1111,15,0xf
111,4.986256399999547,1,4.956256399999547,0.03000000000000025,0.6657765511825446,4.767945979137185,0.3939393939393939,0.3192553299232311,0.09543838289277175,1.084803129259494,145.52511654945496,149.93083422233397,147.62435232478234,130.34469417761838,169.06815085948742,1,0.01086567772905826,0.5397489539748954,1101,13,0xd
112,5.032522400000744,1,5.0025224000007436,0.03000000000000025,0.14922575545303599,4.694402150188998,0.9090909090909091,0.9636006240795457,0.09439765308440484,5.072786619814261,146.43390879122208,152.9756954876844,147.7905776590569,126.46125372437709,172.1629742270223,1,0.00283933637959508,0.0,0111,7,0x7
113,5.0641224999999395,1,5.034122499999939,0.03000000000000025,0.04272299798279975,4.763265302664812,0.9393939393939394,0.9312377263096479,0.1042534749396133,8.40804775811334,145.9506312958131,152.62619093331512,146.53705886780483,127.38847138660276,174.43986843489435,1,0.003070660823180009,0.0,0111,7,0x7
114,5.097197700000834,1,5.0671977000008335,0.03000000000000025,0.07408872372007518,4.3080924786403445,0.9090909090909091,0.6255274929757322,0.13294760135412825,6.939978492739465,146.9154094961186,150.5013061501796,143.57670709471319,131.08993356168367,176.9407948603403,1,0.009262015916875662,0.40585774058577406,0111,7,0x7
115,5.125865999998496,1,5.095865999998495,0.03000000000000025,0.4593860818227268,4.773717500569218,0.7878787878787878,0.984704607510043,0.07232312900659181,2.0743047616273853,146.77632096624455,152.1569019487653,143.44989582981583,130.8022591863119,176.11229450187633,1,0.003956742777409437,0.0,0111,7,0x7
116,5.159256700000697,1,5.129256700000696,0.03000000000000025,0.1413385434991265,4.2273191828382375,0.9090909090909091,0.9172868605279864,0.10810191309771705,5.217592663245695,146.99264367981334,153.0097157777196,139.85780192219883,129.18778123070007,177.09418264413574,1,0.0029355691658538127,0.0,0111,7,0x7
117,5.203636999998707,1,5.173636999998707,0.03000000000000025,0.168950146845652,4.718528637129975,0.9393939393939394,0.2335372677925715,0.14697556555224187,4.741737591082314,145.10436487628712,150.27226825322256,137.9389854272276,126.42153808720656,-179.35203846131225,1,0.004162118268229436,0.0,0110,6,0x6
118,5.235177099999419,1,5.2051770999994185,0.03000000000000025,0.04388768480401766,4.605125491030717,0.9393939393939394,0.9465249856557824,0.10686728444870322,8.336324071036582,144.2043137548388,149.1082042777725,142.07494762880143,131.36742532376567,179.2003069970488,1,0.00481481690393178,0.03556485355648536,0111,7,0x7
119,5.281407300000865,1,5.2514073000008645,0.03000000000000025,0.3467019101780846,4.275384750119033,0.6666666666666666,0.9919528354380251,0.08719152404182459,2.8247731112186862,145.45292258148876,150.5642362870807,135.11327822059582,128.0329544996664,-178.99007737810038,1,0.008974603620647196,0.3389121338912134,0111,7,0x7
120,5.3286755999979505,1,5.29867559999795,0.03000000000000025,0.057953203810000894,4.446413769620902,0.9393939393939394,0.9831853993294208,0.10719150070122954,7.5949851332291995,143.69316878661945,149.19976302437072,121.62858194620075,126.11304093102383,-174.04589139039982,1,0.013045302197554764,0.702928870292887,0111,7,0x7
121,5.359613399999944,1,5.3296133999999435,0.03000000000000025,0.016767683777631815,4.092262375108719,0.7272727272727273,0.9293467796959352,0.12456742882593953,10.902138212540288,143.98496083183628,148.21301132300871,62.71801124704273,133.3543985979433,-175.56676369404016,1,0.016126625274132167,0.6359832635983264,0111,7,0x7
122,5.390070900000865,1,5.360070900000864,0.03000000000000025,0.016690354591728566,4.652291264499304,0.9393939393939394,0.0061632100571029115,0.21012414847549393,10.914464788731724,146.80707018097465,147.05656496435734,82.06818476263695,114.22851961740534,-164.48017683557882,1,0.018116892190935648,0.7761506276150628,0110,6,0x6
123,5.4220901999979105,1,5.39209019999791,0.03000000000000025,0.042394767360469834,3.755779480511856,0.8787878787878788,0.8462878390945496,0.13834653404491343,8.428614228452465,145.72798419750856,143.0681403761008,95.62420576329856,112.93104045401282,-167.15932336792255,1,0.010077508078870033,0.5543933054393305,0111,7,0x7
124,5.455078599999979,1,5.425078599999979,0.03000000000000025,0.06372923326998214,4.320123803373337,0.8787878787878788,0.4956261593586225,0.14549553306806193,7.341631735040592,146.6458210952376,147.0308072162227,101.31770888079713,129.24845283041768,-170.94147037290634,1,0.013089441681434206,0.6276150627615062,0111,7,0x7
125,5.483156700000109,1,5.453156700000108,0.03000000000000025,0.08420099163051448,3.3772995649898174,0.8181818181818182,0.3552311897986137,0.20151492982470107,6.59879621524984,144.0093384113499,147.69563870803017,109.13551861991154,129.23850819228218,-174.4959154920306,1,0.010273540254896968,0.4560669456066946,0111,7,0x7
126,5.516457999998238,1,5.486457999998238,0.03000000000000025,0.1913943479214435,4.2325589130324675,0.8787878787878788,0.798637509752329,0.11025487636978312,4.409118214907439,141.91988452338143,145.40645732518365,108.72796882076848,124.08534498527747,-173.57877106747003,1,0.016057087960330674,0.7217573221757322,0111,7,0x7
127,5.547607000000426,1,5.517607000000425,0.03000000000000025,0.10796188675940144,4.362469556196662,0.9090909090909091,0.643081275298636,0.12591681305275407,5.935938705380808,142.76532990467575,146.18150572487966,120.27831399876737,126.7772745522353,-167.10408859996588,1,0.00975442878374482,0.35564853556485354,0111,7,0x7
128,5.581314099999872,1,5.551314099999872,0.03000000000000025,0.03037158487089172,4.126666214521843,0.9090909090909091,0.9342779863920763,0.12158721054538882,9.317994175670375,142.52660088676984,149.20014345270135,131.1289370214277,131.41897972079022,-176.60653473532062,1,0.012252347170717668,0.6527196652719666,0111,7,0x7
129,5.622290899998916,1,5.592290899998916,0.03000000000000025,0.3254337328300118,4.673513283212469,0.8181818181818182,0.9964223422850748,0.08086229772212643,2.9935904635615853,141.06416919123527,149.0583604861813,140.29289236554533,128.7394040976084,-173.6016461938518,1,0.009250321513158171,0.301255230125523,0111,7,0x7
130,5.654155500000343,1,5.6241555000003425,0.03000000000000025,0.22124120197406852,4.457548378218795,0.8484848484848485,0.47347534028885063,0.12466932689469441,4.022671362596516,141.20502910031942,148.75817666346165,138.55488619018251,131.9086820521685,-177.264456023287,1,0.0158109694255002,0.6338912133891214,0111,7,0x7
131,5.700170899999648,1,5.670170899999648,0.03000000000000025,0.36922484681636564,4.741874349853886,0.7878787878787878,0.5933818401688302,0.0966618991074987,2.6569319454631106,140.00859823121044,149.23569388454345,135.7698725013844,131.67878810667884,-176.43178227539624,1,0.006861965631547403,0.1506276150627615,0111,7,0x7
132,5.747333999999682,1,5.717333999999682,0.03000000000000025,0.040418707238896574,4.185483361402355,0.9090909090909091,0.9945304532603283,0.11513452036554148,8.555900135258808,143.56228649146757,149.6210752515492,128.56039352046534,123.20618157847451,-173.34949075138618,1,0.0049979247578339665,0.0041841004184100415,0111,7,0x7
133,5.778003600000375,1,5.7480036000003745,0.03000000000000025,0.43514284507872647,4.639710950566317,0.8181818181818182,0.9964671080819079,0.07522319664088387,2.2188824594849743,144.7944220630833,151.7616236226388,121.7161775584175,127.88241446015307,-169.74991818455777,1,0.00869153710644823,0.40376569037656906,0111,7,0x7
134,5.811230399998749,1,5.781230399998749,0.03000000000000025,0.4190273347904531,4.697483476985676,0.8787878787878788,0.050275178196532315,0.14283705119078768,2.3195176613987623,143.8510135145251,149.46254169303822,121.5443545240525,134.8615655481418,-167.89122820519594,1,0.009530480268599623,0.399581589958159,0110,6,0x6
135,5.854653399997915,1,5.824653399997914,0.03000000000000025,0.17995620656153558,4.645102747923742,0.9393939393939394,0.8099774673987963,0.10080118040073971,4.573444678863354,138.98606718913786,146.99668223030875,123.17975843949336,126.56609972360579,-166.8849753447558,1,0.014874003232247811,0.6506276150627615,0111,7,0x7
136,5.9007782000007865,1,5.870778200000786,0.03000000000000025,0.00876392444139222,2.6572472688914646,0.8787878787878788,0.9993676209979517,0.18658891250262202,12.63229727669638,136.19330664797818,143.2522932548311,135.64686806081042,134.68555324458148,-162.04906972392706,1,0.0395777134883235,0.8326359832635983,0111,7,0x7
137,5.948150000000169,1,5.9181500000001686,0.03000000000000025,0.009277532965433651,3.879248901858608,0.8787878787878788,0.07579020355957342,0.23741828484453112,12.480425631383726,139.1009343039724,150.00094891658136,150.00178996089957,138.241991739798,-164.91551951335052,1,0.013647679126159707,0.7071129707112971,0110,6,0x6
138,6.010716999997385,1,5.980716999997385,0.03000000000000025,0.10150371531509833,3.2773775687834883,0.8181818181818182,0.9966154888547596,0.13873726246614793,6.100426338881468,136.43104078315685,148.02828678350897,139.77807908579354,134.6341821070942,-166.22305473876585,1,0.010832370705813723,0.5292887029288703,0111,7,0x7
139,6.057396799998969,1,6.027396799998969,0.03000000000000025,0.05257376143678238,4.62486247198305,0.9393939393939394,0.7049992295082843,0.1204826331333519,7.8547683085249504,134.35174007084117,150.67790968301495,123.60943460968342,125.1280903335376,-162.21593784316187,1,0.03336164428205639,0.8577405857740585,0111,7,0x7
140,6.104731699997501,1,6.074731699997501,0.03000000000000025,0.15636984475256985,3.9399437003456277,0.8787878787878788,0.8963518156389416,0.11574288792277583,4.948083407862032,132.74999399567469,141.10336209508714,116.27865606826566,122.25727043190307,-163.374445490186,1,0.00952278763531154,0.497907949790795,0111,7,0x7
141,6.149462199999107,1,6.119462199999107,0.03000000000000025,0.23175165020408242,4.4164968654409185,0.5757575757575758,0.48123463086545765,0.12410093783746262,3.8989038771727924,129.9039741608197,141.6941772929812,113.32107905659447,120.51844289887993,-159.49291659162046,1,0.006791885959075041,0.09623430962343096,0111,7,0x7
142,6.197498999998061,1,6.1674989999980605,0.03000000000000025,0.11611149304183781,4.232836712764276,0.8787878787878788,0.7266002403140409,0.1225939695008557,5.741878406851456,128.41051830725598,138.0215364012569,107.54582204642092,104.83658008397629,-158.96778743513963,1,0.006996638602532019,0.23640167364016737,0111,7,0x7
143,6.2445660999983374,1,6.214566099998337,0.03000000000000025,0.37006813791302234,4.757706579988753,0.9393939393939394,0.9130424466051371,0.0801928360444141,2.6508483567384196,126.33706961859393,132.98611922930473,103.78428097825909,99.4462308367559,-157.5792719606778,1,0.007684131767970273,0.26569037656903766,0111,7,0x7
144,6.291633299999376,1,6.261633299999375,0.03000000000000025,0.3252654512432986,4.3053160756554005,0.7878787878787878,0.17038262085980732,0.14974909918917392,2.994969751929821,126.1902278482124,135.83362084036307,98.8307069987771,99.71470944788017,-160.5981822859969,1,0.007655267220542716,0.2112970711297071,0110,6,0x6
145,6.321744500000932,1,6.291744500000932,0.03000000000000025,0.13304613876063212,3.9842368633193392,0.9090909090909091,0.8311757133714279,0.12096987608594578,5.378824807851594,126.62941454928132,136.65683405432745,101.43720210491799,97.93451535152631,-162.39863915444658,1,0.018113722932316008,0.7677824267782427,0111,7,0x7
146,6.368988599999284,1,6.338988599999284,0.03000000000000025,0.33160584733946014,3.4864988689970335,0.7272727272727273,0.8389649638326563,0.11712816048814231,2.9434885924340493,127.38189336593452,138.35431915802306,104.00735231957047,102.40276260503309,-160.9380839087997,1,0.0184234495220951,0.7405857740585774,0111,7,0x7
147,6.400939899998775,1,6.370939899998775,0.03000000000000025,0.15488465346407326,2.9039084735728267,0.7878787878787878,0.7678311243713107,0.16866993978334455,4.973532294120635,134.72221655974158,139.5129664109326,99.59968985848529,104.76053948392882,-160.87131924576133,1,0.008332575838663776,0.38702928870292885,0111,7,0x7
148,6.448277999999846,1,6.418277999999845,0.03000000000000025,0.19775653932445328,4.711060332700644,0.9393939393939394,0.314749071530177,0.13479379804378067,4.321916277964264,142.32173438073067,143.28426543455816,105.94223962500877,112.55716705121077,-157.10204268484583,1,0.02568228564361641,0.8389121338912134,0111,7,0x7
149,6.495865500000946,1,6.4658655000009455,0.03000000000000025,0.013050615175126389,4.220706372847619,0.9393939393939394,0.9985785827665228,0.11702064463459841,11.570453350581381,141.38117059353263,144.9906544567352,123.89751787419284,139.51629443417374,-157.09444188458536,1,0.008692519488319754,0.27615062761506276,0111,7,0x7
150,6.542088899997907,1,6.512088899997907,0.03000000000000025,0.15089271797854856,4.54729621892868,0.7575757575757576,0.997078344704645,0.09567904009037685,5.043163124370179,142.64128401511184,145.2891776457612,111.34311171708941,120.53015583982665,-157.68973815676807,1,0.006711182424884316,0.17364016736401675,0111,7,0x7
151,6.589277700000821,1,6.559277700000821,0.03000000000000025,0.6228088856196308,3.9023222395185897,0.36363636363636365,0.9553929674981918,0.08075612006995611,1.2627081917655205,141.38573574771746,145.47549037803012,119.49102148942713,128.40297738413184,-160.14346293867206,1,0.004605422697923721,0.08368200836820083,1101,13,0xd
152,6.636370699998224,1,6.606370699998224,0.03000000000000025,0.1779591032950679,4.184602657231819,0.9090909090909091,0.9315844549014913,0.10502721733642681,4.603204031619865,140.14480220657595,145.61610150503455,118.62396407490252,119.21358883235116,-163.01053989458435,1,0.004961495350812509,0.10251046025104603,0111,7,0x7
153,6.668984299998556,1,6.6389842999985555,0.03000000000000025,0.21602414767608977,4.526263622176892,0.9393939393939394,0.25284385819013255,0.14501769825248448,4.086306887332854,140.4400173452475,144.27079528167084,120.80281869540448,117.09083686336052,-161.0364106731109,1,0.007653590055011946,0.23221757322175732,0110,6,0x6
154,6.713784100000339,1,6.683784100000339,0.03000000000000025,0.0750856081097559,3.55478199325713,0.7575757575757576,0.8872847930223126,0.13864574308957786,6.904336999817069,140.10550526832012,143.91535220831636,126.04369815706237,125.2925873246045,-159.38857584826152,1,0.004867021967697491,0.08158995815899582,0111,7,0x7
155,6.746162699997512,1,6.716162699997512,0.03000000000000025,0.28528886901646555,4.406867240994538,0.9090909090909091,0.9446769890022554,0.09078661233489722,3.344674764101117,139.1190836326513,143.5791457816285,132.09876598162344,126.81582278347176,-162.4968203884866,1,0.01089491586125647,0.4811715481171548,0111,7,0x7
156,6.77513320000071,1,6.745133200000709,0.03000000000000025,0.019037262371214336,3.985369235942042,0.9090909090909091,0.9985359213526481,0.12320530623502211,10.563618781282965,137.56951144288263,142.79337591019888,116.18625919404441,122.21960415397976,-156.86385824964026,1,0.012971058338527498,0.6380753138075314,0111,7,0x7
157,6.806207400000858,1,6.776207400000858,0.03000000000000025,0.2612291683207659,4.586223595699707,0.9393939393939394,0.9981485358403115,0.08652129287104277,3.579619246313317,136.65102227444746,142.42794152842836,122.58817403071562,126.43850997953777,-159.0577180248127,1,0.013968466914123548,0.608786610878661,0111,7,0x7
158,6.85386219999782,1,6.82386219999782,0.03000000000000025,0.12723468579662417,3.8221710342689583,0.8181818181818182,0.7438988295666445,0.13309270536393755,5.49792527511489,136.7716643074489,142.8931696623764,121.33212902468551,122.60480279497355,-159.50522483387314,1,0.007566468196825754,0.3200836820083682,0111,7,0x7
159,6.902101399999083,1,6.8721013999990825,0.03000000000000025,0.6008146487811502,3.910462644317538,0.30303030303030304,0.9686331089844721,0.0811457958001078,1.3585834578765272,136.573091412994,144.21933893738597,118.27916797801325,119.87790810748177,-160.1944774400127,1,0.009638192709598207,0.4769874476987448,1101,13,0xd
160,6.9478099000007205,1,6.91780990000072,0.03000000000000025,0.5090059623605361,4.574803409828969,0.5454545454545454,0.21756846867592516,0.11897157621328783,1.8007881296768755,136.38432374099588,143.6503166081082,117.54800450319478,119.59168768402583,-160.89268221734235,1,0.003465346363425387,0.008368200836820083,1110,14,0xe
161,6.993445100000827,1,6.963445100000826,0.03000000000000025,0.28208228294648424,4.556951679133657,0.7878787878787878,0.6567144644990269,0.10331467498799374,3.374817245616982,136.72941874936456,143.51520386510552,112.92610005837987,115.17057267870018,-158.6012663730024,1,0.003886590609849666,0.010460251046025104,0111,7,0x7
162,7.042642899999919,1,7.012642899999919,0.03000000000000025,0.36760654357418227,4.3366260638314555,0.7878787878787878,0.33910937885845743,0.1259130669540058,2.6686455676233356,136.9676720001844,142.84386263694051,120.78372777018411,117.56219201111716,-159.70047653546715,1,0.0034306291706139008,0.03556485355648536,0111,7,0x7
163,7.087133599998197,1,7.057133599998196,0.03000000000000025,0.7474459791234641,4.576969244707582,0.2727272727272727,0.7380571673954841,0.07193730936825841,0.7762486534932145,134.34946692086137,142.27747813912444,116.98412045721777,114.8110372600567,-159.6279154535065,1,0.0042634445039301675,0.04811715481171548,1101,13,0xd
164,7.135756399999082,1,7.105756399999081,0.03000000000000025,0.5470778936555285,4.501824119525543,0.5151515151515151,0.39363512728828015,0.10302680012279836,1.6084375603580094,134.72381535059338,142.84646539035802,119.01510456593066,115.35101810662289,-159.95886859463758,1,0.0027737307199328103,0.010460251046025104,1111,15,0xf
165,7.181149600000936,1,7.151149600000935,0.03000000000000025,0.6835304546882677,4.312628834021179,0.3333333333333333,0.2884792669560795,0.10689552042610784,1.0146241782448695,132.90770589265006,143.7032401116601,118.50029887185181,114.29066765695534,-161.98844028140044,1,0.0037091830480253394,0.010460251046025104,1100,12,0xc
166,7.228894699997909,1,7.198894699997909,0.03000000000000025,0.22943349176342082,3.466665949968803,0.696969696969697,0.8967836902784796,0.12369870662099637,3.9257122339156982,133.9142318248227,143.77904097127552,126.84393725607212,120.4071694158478,-163.6649244069127,1,0.005194322542968681,0.05230125523012552,0111,7,0x7
167,7.276111399998626,1,7.246111399998626,0.03000000000000025,0.29858321855411085,4.065550629581956,0.8181818181818182,0.3374812696158404,0.14161952426360275,3.2232175890078345,128.39033592419074,137.60599942194273,116.04570435863573,119.43374787080661,-161.50334998384238,1,0.019345121354708637,0.8117154811715481,0111,7,0x7
168,7.322205299999041,1,7.292205299999041,0.03000000000000025,0.5355923567025236,4.174534865522146,0.6666666666666666,0.6521895654595786,0.09441828127983767,1.6650184954665133,128.92066291691614,138.7812170620868,115.53280828296155,117.87936232651472,-157.40307847316967,1,0.01338323960693738,0.6234309623430963,1111,15,0xf
169,7.368430200000148,1,7.338430200000148,0.03000000000000025,0.6654504783498577,4.322501430648333,0.30303030303030304,0.2816326624036913,0.1083850953055863,1.086109484301769,128.6131294485419,140.21638207550578,119.332430460349,118.52480227257368,-156.26616593123236,1,0.019409401311945663,0.8577405857740585,1100,12,0xc
170,7.414274999999179,1,7.384274999999179,0.03000000000000025,0.14004313128131077,4.563926298533948,0.9393939393939394,0.9691444168822864,0.09760285618106081,5.242146195304274,131.65981378901006,139.50104346445022,124.07222948776727,123.86105469533193,-156.42439632033378,1,0.020281079262919485,0.8326359832635983,0111,7,0x7
171,7.461801199999172,1,7.431801199999172,0.03000000000000025,0.07817527423063324,3.912346854946781,0.9090909090909091,0.6511711739334695,0.1435757795871646,6.796804980632849,132.054798976368,135.73393954013812,110.6761352291642,119.70231970875416,-152.66293561323286,1,0.025976744865611058,0.9205020920502092,0111,7,0x7
172,7.509151199999906,1,7.479151199999905,0.03000000000000025,0.3329140392856241,4.513798020862206,0.6666666666666666,0.9588873377014915,0.08484891183047945,2.932989233624089,135.83350406312678,138.2761325950542,122.51823656587443,128.286676905303,-151.80072884553144,1,0.029863232289968764,0.9435146443514645,0111,7,0x7
173,7.555073399998946,1,7.525073399998946,0.03000000000000025,0.09429144044685141,4.8135203746558926,0.9393939393939394,0.9331195569188385,0.09820768389565611,6.296972967597369,136.3041383088003,139.98695816966543,132.92948316007022,129.54350982174296,-144.4706414546703,1,0.03080663492902925,0.9560669456066946,0111,7,0x7
174,7.602233499997965,1,7.572233499997965,0.03000000000000025,0.3578660003277006,4.807316702104584,0.8181818181818182,0.9445182390687125,0.07878224107005491,2.740257769093482,137.9871166791597,142.28122501962196,140.1476767821534,147.0598880511139,-147.06211639502112,1,0.028151919913581583,0.9309623430962343,0111,7,0x7
175,7.647860199998831,1,7.617860199998831,0.03000000000000025,0.2634751922641067,4.220964104365674,0.8787878787878788,0.38699925450140965,0.13519025720530192,3.556789499834944,139.17144015635157,142.4211350251562,134.29420527857323,144.10910493622035,-146.73606528789355,1,0.03437916400280263,0.9309623430962343,0111,7,0x7
176,7.694245499998942,1,7.664245499998942,0.03000000000000025,0.3808037856251285,4.923852630830651,0.9393939393939394,0.4550890816545157,0.10108190144630003,2.5745894263249953,138.113691713725,142.8473367933966,135.66564939165235,142.3509933133505,-151.24540102142814,1,0.01881526850467428,0.8472803347280334,0111,7,0x7
177,7.742559099999198,1,7.712559099999198,0.03000000000000025,0.5397499584596352,4.908138680426881,0.7575757575757576,0.43422820071697976,0.0922602688920095,1.6443980974652008,136.5999952949852,141.0709500434331,134.2714363466072,139.28106705844502,-153.2639381436036,1,0.025221313701905904,0.9707112970711297,1111,15,0xf
178,7.788608899998508,1,7.7586088999985074,0.03000000000000025,0.6916924283801512,4.555609199790364,0.30303030303030304,0.3191620680264491,0.09836350108313492,0.9829703728752891,136.53980322548367,142.77531416677712,136.14617423614027,139.52409356680855,-154.83990460174616,1,0.034435880642630846,0.9790794979079498,1101,13,0xd
179,7.835517399998935,1,7.8055173999989345,0.03000000000000025,0.5717284521710534,4.6832477852340775,0.6666666666666666,0.24864655707141853,0.10880173591868321,1.4909096914423217,136.0124436968191,143.10882656996404,135.63153779741876,139.34334451390154,-156.70303323728788,1,0.04114718715725331,0.9728033472803347,1110,14,0xe
180,7.881583200000023,1,7.8515832000000225,0.03000000000000025,0.40693062197035135,4.738042951741983,0.8787878787878788,0.4246585784420165,0.105297370703212,2.3976335201577053,135.74101322825078,143.8430909624677,135.1829978492728,140.28606233079347,-159.9543489535921,1,0.045576241826385186,0.9790794979079498,0111,7,0x7
181,7.928117899999052,1,7.898117899999051,0.03000000000000025,0.4282346980767474,4.512942969605414,0.7272727272727273,0.0679334681604752,0.14527683766693714,2.2615569965395528,134.39333512320331,144.21204008451923,130.8859154570354,135.6506300880146,-159.98291122714133,1,0.04605277682130183,1.0,0110,6,0x6
182,7.976156099997752,1,7.946156099997752,0.03000000000000025,0.1556850995209577,4.037930257803884,0.8787878787878788,0.8738441698874572,0.1143584342802149,4.959786412403527,135.4105271037442,143.920664143028,123.87344240431337,129.81454528431166,-159.31749896730872,1,0.05533848719574187,0.9916317991631799,0111,7,0x7
183,8.00966359999802,1,7.9796635999980206,0.03000000000000025,0.36771378754871453,4.536836669973701,0.6666666666666666,0.8164110669860039,0.08872326005429838,2.6678677190531026,135.46467354256,144.8216339361121,119.16469313056508,127.81344084811745,-158.35254293177567,1,0.06690600851882994,0.99581589958159,0111,7,0x7
184,8.054561299999477,1,8.024561299999478,0.02999999999999936,0.1588851198553877,4.6593781046119735,0.9393939393939394,0.8071620139344249,0.10247892704621682,4.905530278761766,135.65400589172086,147.52360082891752,117.04551764214202,122.13031661343211,-164.124137243588,1,0.08858549444837734,1.0,0111,7,0x7
185,8.101563500000339,1,8.07156350000034,0.02999999999999936,0.09178403084611497,3.878508682999565,0.8181818181818182,0.6240783216277763,0.14540907937820327,6.368845206433342,133.87883313657107,139.06531223628883,122.19048836484359,119.78966443446171,-164.65020769387982,1,0.012940806101112843,0.5983263598326359,0111,7,0x7
186,8.133536900000763,1,8.103536900000764,0.02999999999999936,0.14248890173920015,4.319255038744437,0.9696969696969697,0.5273263346278111,0.13268056780244447,5.195976439569077,132.1342583524257,131.22955111532463,134.49889386871504,116.5033431443217,-160.08167418510857,1,0.04847525973968976,0.9937238493723849,0111,7,0x7
187,8.165716100000282,1,8.135716100000282,0.02999999999999936,0.2190999497048556,4.3372213286045485,0.7272727272727273,0.5180605669466775,0.12458334941194114,4.0486060318243995,130.73064233005238,132.37922061083088,125.66357157232203,117.58307209263732,-161.13245798281685,1,0.04067474223387994,0.9435146443514645,0111,7,0x7
188,8.211337599997933,1,8.181337599997933,0.02999999999999936,0.4034792684117357,4.4773665172945725,0.696969696969697,0.6718619736027127,0.09518552971125535,2.4203471253147266,125.2120788580824,127.28926079939984,121.75560650032155,116.64713187531208,-162.10015788731752,1,0.03060288693398024,0.9330543933054394,0111,7,0x7
189,8.242880499998137,1,8.212880499998137,0.02999999999999936,0.27331735294127946,3.635331841152408,0.8484848484848485,0.4771765830933546,0.14624696681074448,3.458991183866904,125.66181884858153,133.79270599106573,113.88327284867307,118.62766144161859,-160.77761256698733,1,0.050558770194400734,0.9351464435146444,0111,7,0x7
190,8.274131899997883,1,8.244131899997884,0.02999999999999936,0.09835298922229609,4.491008570857707,0.9393939393939394,0.8770318614154513,0.10800467023284474,6.184512909039115,126.08630983334069,133.50023201195816,109.58871427824175,119.54611064258579,-154.59399860611063,1,0.07820902386143871,0.997907949790795,0111,7,0x7
191,8.320010899999033,1,8.290010899999034,0.02999999999999936,0.23801217594366217,4.499924915466208,0.9393939393939394,0.8269290954922432,0.09825352136988948,3.827822525845707,126.32301654770487,143.7925423110872,117.3840233685923,122.95429953973299,-160.0172841392586,1,0.061270637821372737,0.9895397489539749,0111,7,0x7
192,8.352036799999041,1,8.322036799999042,0.02999999999999936,0.3041775058431953,4.277153843037284,0.8181818181818182,0.31587010589592934,0.13623710377602183,3.17371692581253,125.88038448092124,143.95099312496646,119.49115919989269,125.46752594401086,-157.69743483570622,1,0.07805823708276684,0.997907949790795,0111,7,0x7
193,8.38278039999932,1,8.35278039999932,0.02999999999999936,0.08251180566333623,3.613003068547938,0.8787878787878788,0.9401755984756445,0.1317825752181377,6.652837058479208,130.68388273160127,144.31872324017473,127.74151479740605,131.98267561424547,-156.69058955919067,1,0.07623072023498298,0.9874476987447699,0111,7,0x7
194,8.415235000000393,1,8.385235000000394,0.02999999999999936,0.3965596150763844,4.469353452265424,0.7878787878787878,0.9700522162227236,0.08132387833292452,2.4664770558053224,134.341963275338,144.44012247620344,129.80139930755155,134.81296544655476,-155.40909973680013,1,0.04002108853298811,0.9456066945606695,0111,7,0x7
195,8.446853400000691,1,8.416853400000692,0.02999999999999936,0.156100136508204,3.574853121143769,0.9090909090909091,0.8463388091903785,0.1310493726586728,4.952686871917746,136.2021146240131,145.6020178340853,136.74546141023862,138.17342758373044,-153.4354966797042,1,0.015550107267161987,0.7635983263598326,0111,7,0x7
196,8.478307199999108,1,8.448307199999109,0.02999999999999936,0.26826597971048166,4.209300227451238,0.8787878787878788,0.6181311711208908,0.1157620023269294,3.5087368774118515,135.54128091472109,145.40805531812333,128.29784726830883,133.6889354073772,-153.81222506257146,1,0.01589111849680548,0.7866108786610879,0111,7,0x7
197,8.509235599998647,1,8.479235599998647,0.02999999999999936,0.5621624378088053,4.678332082201533,0.48484848484848486,0.7558298845096746,0.07792921946550847,1.5359051616109698,135.5228397505071,145.3823198831925,128.45033060826813,132.00679388449433,-155.66672512954918,1,0.03487957568343191,0.9790794979079498,1111,15,0xf
198,8.540818800000125,1,8.510818800000125,0.02999999999999936,0.6212583576272683,4.200001643940881,0.36363636363636365,0.1324913967790982,0.12967713299895933,1.2693553299750457,136.29738220592407,146.91483057485246,127.58642392610318,131.62218729783532,-155.8599247768418,1,0.0350555981115501,0.9832635983263598,1100,12,0xc
199,8.572359199999482,1,8.542359199999483,0.02999999999999936,0.5591675267449933,4.625879955470227,0.6666666666666666,0.13948195741317865,0.12167613545515805,1.550149761766793,135.9616841845485,146.51052728825735,127.36951611579464,129.58878191883142,-155.8162596928597,1,0.05374604731978206,0.9748953974895398,1110,14,0xe
200,8.604349999997794,1,8.574349999997795,0.02999999999999936,0.09552824521815818,4.463005806663095,0.9393939393939394,0.9821877922485391,0.10318205469548088,6.262222170073639,134.20520163729148,144.41390787262753,118.7749902511678,122.7115674257737,-150.88178775922214,1,0.06755968843425034,0.997907949790795,0111,7,0x7
201,8.634889400000247,1,8.604889400000248,0.02999999999999936,0.23336139348455578,4.595649341425149,0.9090909090909091,0.8308542056698008,0.09636270981926723,3.880445285456822,134.13903899710945,143.2497895082138,114.1166837718263,121.58942179100313,-147.06107405087496,1,0.07839380693670858,0.99581589958159,0111,7,0x7
202,8.666422700000112,1,8.636422700000113,0.02999999999999936,0.5654755770037602,4.893326592620439,0.696969696969697,0.8274847420887801,0.07143248212023716,1.5202351271490124,133.68806714619924,142.9910580167831,115.49189149443036,122.05304647160987,-148.3497957183058,1,0.08548655138890475,1.0,1111,15,0xf
203,8.697858100000303,1,8.667858100000304,0.02999999999999936,0.2353115632031711,4.760150360876695,0.9393939393939394,0.8239541860047297,0.09323712997482106,3.8582529121903497,134.0778732271783,143.30958959517176,117.4792470957685,122.83100300780201,-151.04607970952998,1,0.07744798096553945,0.99581589958159,0111,7,0x7
204,8.72990469999786,1,8.69990469999786,0.02999999999999936,0.038090535981284826,4.479238051345217,1.0,0.984554809448114,0.1083671187811383,8.714105139059056,135.9224621526399,142.44501084443823,119.49939425275105,117.70481801295696,-159.0019243843296,1,0.06552234730584708,0.9895397489539749,0111,7,0x7
205,8.762151599999925,1,8.732151599999925,0.02999999999999936,0.4207962175404161,4.409125789308623,0.7878787878787878,0.99670162127179,0.07994706930873852,2.308284283556819,135.70658247789552,142.79931417881897,121.06682168113622,121.27571253355268,-159.7008177837601,1,0.03176438024128737,0.9288702928870293,0111,7,0x7
206,8.807355099997949,1,8.77735509999795,0.02999999999999936,0.5269356736056928,3.8209569281346627,0.3333333333333333,0.2912269618061334,0.13274083047705054,1.7084714649604515,130.92551129210216,142.78800827613014,120.13891095863981,120.8229244405759,-161.0572023012198,1,0.00933428689183618,0.3723849372384937,1100,12,0xc
207,8.854110299998865,1,8.824110299998866,0.02999999999999936,0.5296982893064518,3.415075627397798,0.24242424242424243,0.0069720195243562315,0.19009753712900784,1.6945271999696232,132.32677613503986,142.46545820606875,121.17957784905225,121.40785139449207,-162.1397233186813,1,0.02544269860161845,0.9644351464435147,1100,12,0xc
208,8.900417099997867,1,8.870417099997868,0.02999999999999936,0.3680925541230096,4.780523153964651,0.8181818181818182,0.45047620034148383,0.1054140471665633,2.665122311110543,135.57246251864538,142.6815153028011,116.45354889547056,120.26333471572595,-155.37368896732278,1,0.02861647635082086,0.9435146443514645,0111,7,0x7
209,8.946907099998498,1,8.916907099998499,0.02999999999999936,0.6049929615954998,4.797692308101223,0.6363636363636364,0.5800313045992324,0.08219185541961561,1.3401025459878009,135.91947851675155,142.86309048789047,114.28829675021395,119.59978100873577,-154.04198575273318,1,0.026547408030295313,0.9288702928870293,1111,15,0xf
210,8.977567699999781,1,8.947567699999782,0.02999999999999936,0.20857421886228733,3.143472990595168,0.5454545454545454,0.8895771933712189,0.13930038048322244,4.179894227513948,131.22515681013988,136.6708278606647,113.77667007663999,119.64654133413866,-153.164056938286,1,0.08149919108712884,0.99581589958159,0111,7,0x7
211,9.00877390000096,1,8.978773900000961,0.02999999999999936,0.5207786364637458,4.536836665938237,0.7272727272727273,0.8396660239571313,0.07878469628698795,1.7398138921175665,131.5208541775807,137.72208627942402,113.72060394557471,118.84752946062636,-152.2959574878374,1,0.07412657375355379,0.9748953974895398,1111,15,0xf
212,9.04012739999962,1,9.01012739999962,0.02999999999999936,0.020499958444139092,4.601564920826528,0.9393939393939394,0.9996414484109387,0.10649502622243032,10.366219786546875,131.3960555776019,140.36585210504802,113.47452265206329,120.41263414302962,-145.06016785484522,1,0.07140141750441126,0.99581589958159,0111,7,0x7
213,9.071690699998726,1,9.041690699998727,0.02999999999999936,0.37267641090396625,4.776396355009957,0.8484848484848485,0.9991250910880213,0.07629419608512018,2.632119378532744,131.62672945831983,142.8786309613234,112.92398492406181,124.24763585588899,-147.70729280961302,1,0.07318177413733795,0.997907949790795,0111,7,0x7
214,9.104992099997617,1,9.074992099997617,0.02999999999999936,0.3553709760984475,4.12424401066131,0.696969696969697,0.06331288572686831,0.1682427619449923,2.758914752128438,131.71893602846177,143.3114693786041,114.6741691253468,126.07255799872377,-148.2586035849607,1,0.05274701892216289,0.9853556485355649,0110,6,0x6
215,9.133713200000784,1,9.103713200000785,0.02999999999999936,0.15119419491123348,4.787128889650128,1.0,0.8142331581891716,0.10001915663611573,5.03784055844804,134.12030612286796,144.52189491479493,112.13724663691254,126.93934584751806,-144.41237018165555,1,0.028948600672873425,0.9874476987447699,0111,7,0x7
216,9.166594800000894,1,9.136594800000895,0.02999999999999936,0.5283472902687932,3.1339422892225275,0.2727272727272727,0.9313201571243325,0.10810173907747223,1.7013372394006867,133.6941899576508,144.8295854027493,112.81279378293286,129.14148574578485,-144.6298199232193,1,0.01341471781396209,0.6276150627615062,1101,13,0xd
217,9.197795100000803,1,9.167795100000804,0.02999999999999936,0.4591597931741769,3.738080471466485,0.6060606060606061,0.18498622650615426,0.15471598866863456,2.0756186566103025,133.86407752044374,144.85258269870508,113.51290105683994,129.29530664770212,-145.31317866813396,1,0.018490103176445654,0.9309623430962343,0110,6,0x6
218,9.227318999997806,1,9.197318999997806,0.02999999999999936,0.4339387558952612,4.9137414773024775,0.8181818181818182,0.07518435179623051,0.13200006910171222,2.2262716541018097,134.05014223635288,144.7881627217917,115.99607755010076,126.8408938606843,-147.9115280521864,1,0.029326759201340487,0.9456066945606695,0110,6,0x6
219,9.258771400000114,1,9.228771400000115,0.02999999999999936,0.5129698436878682,3.9502413188224472,0.6666666666666666,0.21945633816338367,0.13720813004922744,1.78010191939578,133.5534280158551,143.43423949372206,115.93470234523905,127.20674669081009,-147.7194924394034,1,0.024086339505608536,0.895397489539749,1110,14,0xe
220,9.289065299999493,1,9.259065299999493,0.02999999999999936,0.013584031511813277,4.188210734042239,0.9393939393939394,0.9998754048335973,0.11779009588388595,11.463627545711168,133.63460190208076,142.5123209685893,112.98288171982321,121.06473087396073,-154.21314694470203,1,0.06503297171324185,0.9937238493723849,0111,7,0x7
221,9.32098219999898,1,9.29098219999898,0.02999999999999936,0.2387954513783987,4.583127668884066,0.9090909090909091,0.9990431823236877,0.08810818745038006,3.819061187931424,133.33378213965233,142.4959538886321,112.10835459386502,122.52619971635029,-154.23856790932834,1,0.05975590404033696,0.9916317991631799,0111,7,0x7
222,9.352823999997781,1,9.322823999997782,0.02999999999999936,0.5441989773529222,4.237915420408386,0.36363636363636365,0.7998791982226001,0.08489871107965515,1.6225075514929288,134.46663103707527,142.96632931962142,111.29034551815104,121.28439124124071,-153.63693026566415,1,0.049527848132672206,0.9539748953974896,1101,13,0xd
223,9.399083599997539,1,9.36908359999754,0.02999999999999936,0.7687960427789736,4.167779657136802,0.12121212121212122,0.4306390969142561,0.09481726022986497,0.701145516290967,135.25305021487668,143.03009722675603,112.54726056069859,120.24514585481073,-153.63057767923763,1,0.024126618677547552,0.9435146443514645,1101,13,0xd
224,9.4287762999993,1,9.3987762999993,0.02999999999999936,0.29597759689529185,4.522507621206851,0.8787878787878788,0.8545338433514841,0.09200012879483116,3.2465907031653325,135.78728545685553,142.9067741884787,110.82378204673563,119.11073686802345,-153.676208862441,1,0.020554155395427605,0.7949790794979079,0111,7,0x7
225,9.459515399998054,1,9.429515399998055,0.02999999999999936,0.6098148821812901,4.093415967017273,0.48484848484848486,0.745979893507782,0.08691584257548768,1.3189329058816972,136.06342109301733,143.38062320548636,110.85236618688714,119.6637308363569,-152.81124322076116,1,0.012683076098260714,0.6401673640167364,1111,15,0xf
226,9.492563199997676,1,9.462563199997676,0.02999999999999936,0.6765495117937065,4.705798305889459,0.5151515151515151,0.1375887134507651,0.11142048199955767,1.0419990556914709,135.72395707620058,143.300274372831,113.07485235382997,120.80596160159777,-152.84858593116175,1,0.009602025967155472,0.35564853556485354,1110,14,0xe
227,9.53737270000056,1,9.50737270000056,0.02999999999999936,0.444999913217346,4.368915305668916,0.8787878787878788,0.5069196694484657,0.10511590933143564,2.159149844888355,135.89254388384984,143.60178098410307,110.60766612219358,123.6646898415702,-149.98903040625655,1,0.005740803814158108,0.03138075313807531,0111,7,0x7
228,9.567970299998706,1,9.537970299998706,0.02999999999999936,0.5684820098227777,4.829082101649466,0.696969696969697,0.3153970853179231,0.10036886056980071,1.5060949634213012,136.5495134248545,143.57120542098858,109.7711963252929,120.22624177868393,-151.45538844716748,1,0.009797319560543565,0.40585774058577406,1111,15,0xf
229,9.60102199999892,1,9.571021999998921,0.02999999999999936,0.3477193496724067,4.842510248009922,0.9393939393939394,0.5753153787916729,0.09726631777410233,2.816958909427482,136.79536437618842,143.26337830700655,111.72526649899773,119.98443653364077,-155.05288624278143,1,0.014277167274661853,0.7071129707112971,0111,7,0x7
230,9.629354000000603,1,9.599354000000604,0.02999999999999936,0.5806714191546549,4.518934859105001,0.7878787878787878,0.5939319165917579,0.0878319553686838,1.4495206019573603,136.6569243593752,142.83564222610255,111.12777983163868,120.02313967447034,-155.31250673889426,1,0.013471920633794252,0.7866108786610879,1111,15,0xf
231,9.66147909999927,1,9.63147909999927,0.02999999999999936,0.7664884628390576,4.333408338256605,0.21212121212121213,0.35414867225741936,0.09647021174186282,0.7091616867372402,136.3197688598697,142.58353677211255,111.2891150290797,120.58275979965372,-155.59149980475155,1,0.012514658060048652,0.606694560669456,1101,13,0xd
232,9.692592200000945,1,9.662592200000946,0.02999999999999936,0.2498424525750871,4.81495041683318,0.9393939393939394,0.9041771713617409,0.08726609742517234,3.698465998593505,135.87240502553257,142.39954949587735,109.54537746477324,122.39707860110968,-151.4283855428245,1,0.011204511183067626,0.5418410041841004,0111,7,0x7
233,9.739868900000147,1,9.709868900000147,0.02999999999999936,0.614840378220406,4.666689294842737,0.42424242424242425,0.8338709037347269,0.07235903277334557,1.2970469132614277,136.13150879879527,142.54729961712283,112.06129889202504,121.42311619600144,-154.17835951893107,1,0.0074472991117027236,0.23221757322175732,1111,15,0xf
234,9.787359999998444,1,9.757359999998444,0.02999999999999936,0.6005493720533214,4.383914127822546,0.5151515151515151,0.031346833397095514,0.1381860320954239,1.3597611269373564,136.67072119489276,141.1805654743558,111.63794655004637,121.24047211099726,-152.73521911443277,1,0.004614465451264959,0.0502092050209205,1110,14,0xe
235,9.832150099999126,1,9.802150099999126,0.02999999999999936,0.672737181670144,4.440709921602763,0.18181818181818182,0.15020142714653878,0.11704314486645506,1.0570681151654924,137.1393697728613,142.00995578171185,110.91591073061296,121.13447359206361,-151.3284252113939,1,0.006447595412520271,0.09832635983263599,1100,12,0xc
236,9.879215699998895,1,9.849215699998895,0.02999999999999936,0.6350402882277593,4.332901810217808,0.48484848484848486,0.07673723106452442,0.13109404496552193,1.2108448961976048,137.3974209114547,142.80386333501716,112.21900273160344,123.4282284533239,-151.051710912001,1,0.00952812225630946,0.45397489539748953,1110,14,0xe
237,9.92560279999816,1,9.89560279999816,0.02999999999999936,0.06867572323405323,4.7567417893714925,1.0,0.9947047817656728,0.09862019348251455,7.1422920421323175,134.56321900019572,146.4501493175857,124.48689819891953,123.22970412242374,-171.17582503559746,1,0.07089925343801615,1.0,0111,7,0x7
238,9.971722999998747,1,9.941722999998747,0.02999999999999936,0.4748174646801811,4.214926197025918,0.36363636363636365,0.9885377119821495,0.08089802552361457,1.9861995565005302,135.62548731206505,144.03684205662645,130.9221121955696,122.35414889776116,-177.50467862783097,1,0.03156348648815638,0.9937238493723849,0101,5,0x5
239,10.020353199997771,1,9.990353199997772,0.02999999999999936,0.5105657397237566,4.431121303267237,0.5454545454545454,0.09648419851108701,0.1362524602737297,1.7926289986647372,136.32626505113095,144.41768400262697,135.6387491743244,121.34772382259676,174.63147503543865,1,0.0231012351085389,1.0,1110,14,0xe
240,10.050430499999493,1,10.020430499999494,0.02999999999999936,0.4654084438455903,4.6306880397011705,0.8484848484848485,0.12284835941904054,0.13124255517826866,2.0395730268743497,136.00375117228666,144.21629088729037,140.49417093631578,122.61449943687406,170.3908832588592,1,0.02075492811000207,0.9665271966527197,0110,6,0x6
241,10.082013499999448,1,10.052013499999449,0.02999999999999936,0.06514076300912858,4.392043039476621,0.9393939393939394,0.9894934836180542,0.10744442504315624,7.283212708878758,135.52968472914796,146.29728540406754,142.5779552861113,123.42522682069246,163.55441968440826,1,0.01711163605324499,0.7112970711297071,0111,7,0x7
242,10.128299899999547,1,10.098299899999548,0.02999999999999936,0.8072566719573222,4.619639320151858,0.0,0.997571086186092,0.059961135812980786,0.570969611555272,135.40076855622385,146.36090948404672,144.1607913311249,122.79727637996389,164.061972029316,1,0.004967967086332191,0.04184100418410042,1101,13,0xd
243,10.17584540000098,1,10.145845400000981,0.02999999999999936,0.6889668742262566,3.933263939046621,0.5151515151515151,0.20817665493905937,0.12459348623978925,0.9934988991209185,135.54789066702395,147.09505296299642,149.27258081647528,127.35735753466786,166.01105238315094,1,0.010383866390022848,0.4497907949790795,1110,14,0xe
244,10.206337399999029,1,10.17633739999903,0.02999999999999936,0.671822590037064,4.6508518374723335,0.42424242424242425,0.033585881779107235,0.12443161501723059,1.0606959366265,135.97767103736928,146.69303196284832,151.1529508263013,126.0750176212885,168.7054040735259,1,0.015395867549586854,0.8577405857740585,1110,14,0xe
245,10.240025299997797,1,10.210025299997797,0.02999999999999936,0.48240730377025604,4.4127543418531054,0.8181818181818182,0.4149758903712218,0.10803728530612614,1.9439106485285,135.5960539647558,147.95208399471196,149.6242460262465,126.9992344338981,176.4056837516464,1,0.010646962778875538,0.50418410041841,0111,7,0x7
246,10.269979500000773,1,10.239979500000773,0.02999999999999936,0.5465690248665297,3.348524651277687,0.30303030303030304,0.1649741590048406,0.16575280997124078,1.6109191355580181,135.5920090095758,148.34273933431624,150.64911043197145,126.73867198068459,175.05468634300397,1,0.006913621187020205,0.18828451882845187,1100,12,0xc
247,10.30107919999864,1,10.27107919999864,0.02999999999999936,0.6407685616521012,4.079788556630166,0.42424242424242425,0.2088898921912813,0.12357433218122257,1.1868985213966892,135.33178062630546,147.56583583231324,149.89939948949853,126.08588140872753,175.24406362231414,1,0.0068467625807057605,0.22594142259414227,1110,14,0xe
248,10.33254549999765,1,10.30254549999765,0.02999999999999936,0.30501488360185547,4.721276359832642,0.7878787878787878,0.7572530071861332,0.09236146595804018,3.166385879655361,136.36202417269126,148.84886753569143,156.93002616094486,127.17429582378243,167.55106027370636,1,0.018216326563524933,0.9288702928870293,0111,7,0x7
249,10.364902199999051,1,10.334902199999052,0.02999999999999936,0.09103388451731617,4.564234746121243,0.9393939393939394,0.9234803114665425,0.10440133284169645,6.390729291839948,137.31232954791682,149.12947061620298,161.3653640498466,126.77014336415888,158.43965703692774,1,0.015671071468271652,0.8598326359832636,0111,7,0x7
250,10.396930099999736,1,10.366930099999736,0.02999999999999936,0.6955190451581023,4.885026627105317,0.2727272727272727,0.9912063925750418,0.06063370611362039,0.9682583589031306,137.92913729823272,150.02974119705587,161.9808298944922,126.74705205684008,156.36024450995728,1,0.0071898646492097075,0.1401673640167364,1101,13,0xd
251,10.443229000000429,1,10.41322900000043,0.02999999999999936,0.7792991958914378,4.927769745723221,0.0,0.15049695911792413,0.09913228928249809,0.6649606132468739,137.94687253958878,149.81084128330963,161.14590374622014,126.34392317641789,155.10278620041416,1,0.0038301310703301845,0.03347280334728033,1100,12,0xc
252,10.507329299998673,1,10.477329299998674,0.02999999999999936,0.7940965548921575,4.141494908486987,0.24242424242424243,0.025074756816185727,0.1312929834364574,0.6148005852553223,137.83560384131886,149.95343273170477,163.41426784528613,127.21473814681596,153.94517018440828,1,0.002283328683688018,0.010460251046025104,1100,12,0xc
253,10.570065600000817,1,10.540065600000817,0.02999999999999936,0.13487720414674137,4.3983613091211335,0.8181818181818182,0.9824593797775133,0.10105456286397124,5.342374702381061,134.99571750331825,145.97929774973124,143.78993263023798,112.31120261679516,154.80352606088542,1,0.016685283425378627,0.8514644351464435,0111,7,0x7
254,10.617691899999045,1,10.587691899999045,0.02999999999999936,0.6731582240636232,4.560012752008705,0.42424242424242425,0.9728799148590539,0.06643489897816075,1.055399664931115,133.31187267423513,147.07816140043062,144.50597254716166,115.33844757119641,158.11140242780377,1,0.02636300060647602,0.9602510460251046,1111,15,0xf
255,10.649351699998078,1,10.619351699998079,0.02999999999999936,0.008457532149342464,4.22349557648755,0.9393939393939394,0.9999829379859893,0.11739350016864544,12.727194282759314,134.18735159968867,146.007787546954,133.43696703561983,117.591107083931,173.10459728651904,1,0.030224629473922043,0.9895397489539749,0111,7,0x7
256,10.682077099998423,1,10.652077099998424,0.02999999999999936,0.23468878206011098,3.5696964308431753,0.6666666666666666,0.9997166616666551,0.11345999171022607,3.8653199311980826,134.06778804978464,145.88252916464586,119.12348039945113,116.11577798949808,179.11639196334664,1,0.03703353752987251,1.0,0111,7,0x7
257,10.712347199998476,1,10.682347199998476,0.02999999999999936,0.009947844842352758,4.151871526336455,1.0,0.9995632499759355,0.11926746830087437,12.294398266749731,130.00705166020126,141.72001562815382,112.2195577966823,112.38877291236273,-165.9017364401276,1,0.0499716979697626,1.0,0111,7,0x7
258,10.761145500000566,1,10.731145500000567,0.02999999999999936,0.1057747717854615,4.781790391843092,0.9393939393939394,0.996348303033487,0.09473413035206163,5.990515306467799,131.59278163193224,136.5637383911964,116.7242375770118,113.421734971942,-172.0503773999585,1,0.027455404208080528,0.997907949790795,0111,7,0x7
259,10.806069300000672,1,10.776069300000673,0.02999999999999936,0.21886725952119895,4.817582546267428,1.0,0.7485011277896244,0.09739765642229475,4.051439610237262,130.71353756168673,138.41779924055615,117.13062315801002,118.44708610967425,-160.86042103456646,1,0.03165157742073839,1.0,0111,7,0x7
260,10.854204999999638,1,10.824204999999639,0.02999999999999936,0.3479412336584898,4.80821647612562,0.8787878787878788,0.5497974009901029,0.09955661018212922,2.815257819373518,134.02706827118567,138.59870662178946,116.06239906399394,118.9428521733651,-163.79176537192532,1,0.02940581796042188,1.0,0111,7,0x7
261,10.901203199999145,1,10.871203199999146,0.02999999999999936,0.35299097366023935,4.888212575411244,0.8181818181818182,0.01920948937642023,0.14835136895953846,2.776834113982357,131.1690273520408,139.17692936334214,112.82109918924041,120.20704939335056,-155.6299037495778,1,0.026566426999591664,0.9916317991631799,0110,6,0x6
262,10.931526000000304,1,10.901526000000304,0.02999999999999936,0.03815890737162067,4.620957955568141,1.0,0.9947102797171845,0.1045019327151717,8.709322841683234,129.44388293646972,136.66842477484823,113.85483561008255,121.1146285342866,-151.84269006527563,1,0.028924793401184264,0.9832635983263598,0111,7,0x7
263,10.962434299999586,1,10.932434299999587,0.02999999999999936,0.37890711769587837,4.127407526914914,0.5757575757575758,0.9956189380320973,0.08804607860862548,2.5879044692728774,127.45092495491814,130.6562583677524,113.27379893006623,121.01826809850053,-150.77811893907693,1,0.02127980912540187,0.8598326359832636,0111,7,0x7
264,10.993639299998904,1,10.963639299998905,0.02999999999999936,0.013767027550987812,4.9658322299139375,1.0,0.9997104077811848,0.0993350897117386,11.427943609785261,131.87991578016496,134.39512070509616,111.98257241209863,126.17794184178013,-137.59232233463268,1,0.02113436261456877,0.8619246861924686,0111,7,0x7
265,11.025346800000989,1,10.99534680000099,0.02999999999999936,0.19800848773328075,4.92171998467825,0.9393939393939394,0.998366601464869,0.08486879595851185,4.3185210183109675,132.44897110500844,137.81693093571013,113.81292969317448,131.95828394912377,-134.32440981465996,1,0.013966461726586958,0.6506276150627615,0111,7,0x7
266,11.056492899999284,1,11.026492899999285,0.02999999999999936,0.05989811733594572,4.909544626096708,0.9393939393939394,0.9207938219424904,0.10004926836878342,7.506960545259993,132.537453542992,137.92014638987166,111.02366078148606,125.53682259503303,-141.0503041529743,1,0.008070207713578421,0.3389121338912134,0111,7,0x7
267,11.088005199999316,1,11.058005199999316,0.02999999999999936,0.20513186309620596,4.91424295661002,0.9393939393939394,0.9276602046617541,0.08759479997937132,4.224272725372904,133.1899448608604,132.31212902792976,111.37498132969571,129.1653927858446,-136.90776222020276,1,0.009898999379189722,0.39748953974895396,0111,7,0x7
268,11.119728899997426,1,11.089728899997427,0.02999999999999936,0.19225510621175268,4.940284555609722,0.9393939393939394,0.08622513840796979,0.15630000607166714,4.397152295146512,133.68125520638097,131.69358853210437,109.9308134269709,131.72705880307115,-132.72207630324658,1,0.008340748250333454,0.2301255230125523,0110,6,0x6
269,11.149441699999443,1,11.119441699999443,0.02999999999999936,0.46799882931489456,4.805589585270833,0.8181818181818182,0.8293935470359463,0.07748550542143345,2.0247719587507618,133.40036041756292,131.52313882390266,109.80299823761506,128.98670801876875,-134.14211065774427,1,0.010541178423949256,0.5,0111,7,0x7
270,11.196498999997857,1,11.166498999997858,0.02999999999999936,0.31200101252253004,4.744619598220589,0.9393939393939394,0.4934514526796395,0.10756557960870544,3.105996922435803,131.75146787860749,133.51390237893048,109.62555544587374,132.70770847907463,-131.2232552632164,1,0.0052566296734136535,0.03765690376569038,0111,7,0x7
271,11.227439499998582,1,11.197439499998582,0.02999999999999936,0.10514264554121815,4.233106590556856,0.9393939393939394,0.895742553523937,0.11275689265092075,6.006499524869962,134.1277933816724,134.16793811325766,113.36210478621285,133.82720725056453,-129.48930465917255,1,0.0042181388814780145,0.056485355648535567,0111,7,0x7
272,11.274025399998209,1,11.24402539999821,0.02999999999999936,0.6795083314025367,4.847462331764568,0.45454545454545453,0.9862932548064164,0.061838653807041205,1.0303620917014948,132.91089513857133,131.88891464581815,110.19629131984291,134.3891983920654,-128.55680341292478,1,0.0024409916940884924,0.0,1111,15,0xf
273,11.30845269999918,1,11.27845269999918,0.02999999999999936,0.48218313507971855,3.9114649845784966,0.5757575757575758,0.4279578759644522,0.12079342337637076,1.945150103454554,133.336513122122,131.97144286039557,108.46683301896081,131.2059695985632,-128.89583174649837,1,0.0036824545951040775,0.0,0111,7,0x7
274,11.352639599997929,1,11.32263959999793,0.02999999999999936,0.17930812938131865,4.858265065532833,0.9393939393939394,0.8665244882201841,0.09350994671087735,4.583065492930327,130.66579749512005,133.54534649143335,110.82441868120794,130.7077109264941,-133.03264944771513,1,0.010941277963748894,0.5251046025104602,0111,7,0x7
275,11.384661399999459,1,11.35466139999946,0.02999999999999936,0.09568777849353627,4.922964264633474,0.9393939393939394,0.6844047630963017,0.11006266855638591,6.257772520320181,131.20683793527925,139.74598677842178,111.83662846773,125.98543773054274,-138.21511456184527,1,0.03308869991264845,0.9393305439330544,0111,7,0x7
276,11.422466399999394,1,11.392466399999394,0.02999999999999936,0.14226329531415333,4.955588353918737,0.9393939393939394,0.4844519939699926,0.11900696982043087,5.200201989121053,130.84231367513652,136.95793570473379,111.57448208899747,118.47690694408436,-144.4136218142767,1,0.019692211302952956,0.8368200836820083,0111,7,0x7
277,11.470036299997446,1,11.440036299997447,0.02999999999999936,0.2557741508972948,4.938867163179968,1.0,0.6539411547755272,0.09748573300247096,3.6358945251942454,131.88625288370153,136.7535424868604,111.77818454731492,119.0712360676833,-151.73907914771277,1,0.022179657575611543,0.9497907949790795,0111,7,0x7
278,11.542559299999994,1,11.512559299999994,0.02999999999999936,0.7981439175788565,4.555496228941422,0.12121212121212122,0.9082304362485798,0.06397481544045938,0.6012435998663247,131.54541643752347,137.78012120389974,111.14765809354371,114.22630412336308,-153.17572237985158,1,0.013846994736494074,0.8368200836820083,1101,13,0xd
279,11.58902179999859,1,11.559021799998591,0.02999999999999936,0.42792491258313564,4.86328333964596,0.9090909090909091,0.6810777828964368,0.08565983786556079,2.2634867644833467,129.7109990551432,140.399324454496,115.36306369493148,116.57620742162084,-158.362511647632,1,0.004482073433100215,0.0,0111,7,0x7
280,11.620010499998898,1,11.590010499998899,0.02999999999999936,0.5065419668474921,4.321709234197792,0.7878787878787878,0.2211636234677403,0.1257735626825987,1.8137282724429884,130.07836064390347,139.3218328836084,113.52020307276007,120.94453581261718,-156.13467855412676,1,0.027451705817658347,0.99581589958159,1110,14,0xe
281,11.654782699999487,1,11.624782699999487,0.02999999999999936,0.2618420557006676,4.3791415081803,0.9090909090909091,0.7063295988183328,0.10605791830488445,3.5733701275728356,128.59834093131082,139.8970020372174,114.97805117273485,116.81512446678748,-159.73924358418446,1,0.03533287234218689,1.0,0111,7,0x7
282,11.682917699999962,1,11.652917699999962,0.02999999999999936,0.4769245859178628,4.491531072074129,0.7272727272727273,0.6637511053679909,0.09060640817435918,1.974391737051165,128.77011122087305,141.39536311261338,119.08938917262367,117.86220196394277,-160.764538669958,1,0.04012309466528364,1.0,0111,7,0x7
283,11.72826459999851,1,11.698264599998511,0.02999999999999936,0.20886090915098682,4.29854044056164,0.9090909090909091,0.8008291736826989,0.10686368140113181,4.176231346719169,126.60571516882831,143.6011399806376,124.95063585770706,116.1173203550007,-174.51971495326148,1,0.041248473629305935,1.0,0111,7,0x7
284,11.759732099999383,1,11.729732099999383,0.02999999999999936,0.5071974262216612,4.173401799307685,0.6060606060606061,0.8283876251128183,0.08695035990792663,1.810279867616312,125.8830180116814,148.21484230972968,127.09124644077019,116.04053315052352,-175.14411729873615,1,0.019083429722782475,0.9665271966527197,1111,15,0xf
285,11.79064450000078,1,11.760644500000781,0.02999999999999936,0.5433954368471001,4.155067420004445,0.6060606060606061,0.09165798100298486,0.14284272245823065,1.626447945161931,125.20235967428842,146.90846801140663,129.56348744315756,116.48836354237625,-179.9267956316278,1,0.007840289182459716,0.22384937238493724,1110,14,0xe
286,11.82222990000082,1,11.792229900000821,0.02999999999999936,0.47037426986237224,4.727939181801274,0.8181818181818182,0.19007161799928654,0.12087239473170693,2.011270886174872,125.96415379710777,145.74864510179944,129.77280583930462,116.85094526493191,179.32102439003896,1,0.005418608234293303,0.0899581589958159,0110,6,0x6
287,11.853412099997513,1,11.823412099997514,0.02999999999999936,0.8625667030879447,4.869993844812598,0.0,0.6687684304146148,0.06606381929711425,0.3942474564090966,126.47501960178236,145.21323315613432,128.83625963939528,116.9305476541473,178.83977442013094,1,0.003784317443352538,0.0,1101,13,0xd
288,11.88375140000062,1,11.85375140000062,0.02999999999999936,0.8215389775922035,4.192694852993276,0.09090909090909091,0.06488617384106726,0.12296034911654154,0.5242023887316946,126.81524305561649,145.1816284583812,129.31748818564193,118.11785564013935,179.48212050271064,1,0.004183813713118656,0.010460251046025104,1100,12,0xc
289,11.915425700000924,1,11.885425700000924,0.02999999999999936,0.22875117080611276,4.616523115181602,0.9090909090909091,0.9359972726694643,0.09105762102919562,3.933654550830794,126.55127578608578,147.91383606327463,130.40850442519076,116.2102133735308,176.07751291565302,1,0.0029371338799838143,0.0,0111,7,0x7
290,11.944973999998183,1,11.914973999998184,0.02999999999999936,0.1683328019790598,4.416929439873371,0.9090909090909091,0.38755736258751866,0.139656779273455,4.751499453173194,124.86571557906558,145.2184888787815,126.45189788143587,115.31879012302419,172.64771503239402,1,0.004668156423780282,0.016736401673640166,0111,7,0x7
291,11.97648019999906,1,11.94648019999906,0.02999999999999936,0.3732573139193714,3.722719401938461,0.7575757575757576,0.7863391056382389,0.10950245874624995,2.6279659934011947,124.61854887288281,144.49666893379936,127.81894819996178,115.7369750069017,176.58114583968032,1,0.0010477134662773893,0.0,0111,7,0x7
292,12.00855369999772,1,11.97855369999772,0.02999999999999936,0.2461692152209966,4.134856675057196,0.8181818181818182,0.5042570945926751,0.12901507308356872,3.737962967385827,124.68426107619415,143.64319016763145,126.73860276618959,116.14115922093312,175.1748134470233,1,0.0034282048035641547,0.0,0111,7,0x7
293,12.054062999999587,1,12.024062999999588,0.02999999999999936,0.6542763570755176,4.366099351956023,0.48484848484848486,0.8625824471025693,0.07433319794044696,1.1312678731852248,127.86075475455186,143.7409018887448,126.81533432556715,116.75037695388323,175.84526832988794,1,0.004827204989038661,0.012552301255230125,1111,15,0xf
294,12.103021700000681,1,12.073021700000682,0.02999999999999936,0.5075694712666555,3.8757136807344756,0.696969696969697,0.32616290232912665,0.12905478298200088,1.8083245019714658,132.49529490404507,141.81058567244912,127.86107469967727,119.50913103678306,-177.02244024856054,1,0.0049829146347023555,0.03556485355648536,1111,15,0xf
295,12.147995399998763,1,12.117995399998764,0.02999999999999936,0.4411538021786828,3.9656901692228153,0.7575757575757576,0.18483747522618119,0.14767674297822558,2.182297884166331,132.01976298105382,141.6226356769724,125.6252914286915,119.87807004720175,-172.72129061638273,1,0.015220229353758535,0.7071129707112971,0110,6,0x6
296,12.210313799998403,1,12.180313799998403,0.02999999999999936,0.40409335513517364,3.7894601285520935,0.36363636363636365,0.11646593754659253,0.16833762529468713,2.416291601727835,132.76091449149277,142.0359224011329,128.10536912044648,122.36524723089978,-174.0313086804446,1,0.015593981786657643,0.7196652719665272,0100,4,0x4
297,12.251399400000082,1,12.221399400000083,0.02999999999999936,0.3057088461191461,4.575130659127985,0.8484848484848485,0.3557547154470461,0.12347215512071964,3.160325635328242,133.22131453197088,140.1379907244935,123.28328966202194,121.02072438807633,-168.82993237560504,1,0.01501350006686387,0.8577405857740585,0111,7,0x7
298,12.288482299998577,1,12.258482299998578,0.02999999999999936,0.5298103776182398,4.30969341625767,0.42424242424242425,0.6250077982459475,0.09333844718782455,1.693962972086994,132.53862786118646,140.32324250622636,123.88932555003969,122.27925164181626,-169.79344743613848,1,0.0049471487595115615,0.029288702928870293,1111,15,0xf
299,12.32059659999868,1,12.29059659999868,0.02999999999999936,0.32093835206826,4.043686602609554,0.6363636363636364,0.5839001544312779,0.11819855304264593,3.030683263807003,130.89363383004465,140.79614083390084,121.26894023654026,121.72799175036123,-167.6615402281875,1,0.0036810816530463194,0.0,0111,7,0x7
300,12.35356469999897,1,12.32356469999897,0.02999999999999936,0.5379558932216344,4.271365387123916,0.6363636363636364,0.5971483693794094,0.09531124289561752,1.6532765467748263,129.84410876958404,141.53449203120553,122.8195696079159,120.44551493706557,-166.84466509153083,1,0.005826490831906796,0.11715481171548117,1111,15,0xf
301,12.399784999997792,1,12.369784999997792,0.02999999999999936,0.356129777980696,4.395929169039232,0.7878787878787878,0.50050158852145,0.11179222552725178,2.7532268524556724,131.65041986970903,141.04030350090082,124.56521145224659,122.43372182093994,-163.78838903686986,1,0.0032701981711954994,0.0,0111,7,0x7
302,12.427850299998681,1,12.397850299998682,0.02999999999999936,0.00976668948538699,4.273771309833948,0.9090909090909091,0.9998632151907415,0.1158690346127716,12.343407240646153,134.11162062554197,141.69577742620407,134.73095921949593,128.87042734759146,-164.7137140415239,1,0.004173775827656257,0.02301255230125523,0111,7,0x7
303,12.479237100000319,1,12.44923710000032,0.02999999999999936,0.12432194115597625,4.546770811862785,0.9393939393939394,0.9977384602543761,0.09791914663463773,5.5596820754553224,128.22530689928183,141.60388144025285,124.19167969736122,120.76135005441823,-158.342536206338,1,0.001727547240150634,0.0,0111,7,0x7
304,12.523871499997767,1,12.493871499997768,0.02999999999999936,0.6638777999420723,4.7828577227374565,0.48484848484848486,0.977303148209095,0.0635503362727061,1.0924191537980699,127.5909365494892,141.65267792730452,124.85169615739957,118.11378014306287,-158.07814638946158,1,0.004672860168436244,0.08158995815899582,1111,15,0xf
305,12.556439100000716,1,12.526439100000717,0.02999999999999936,0.21505896977356975,4.3426266294823135,0.9090909090909091,0.9056735246137883,0.09944928214700643,4.0982480278539795,129.81833473301896,140.30576549634264,131.698238280248,121.24665239582828,-163.29532304245865,1,0.004043987761237014,0.0502092050209205,0111,7,0x7
306,12.58891329999824,1,12.55891329999824,0.02999999999999936,0.27178421738361686,4.61234906268383,0.9090909090909091,0.30237197808192484,0.1308968990461748,3.473991589259609,131.58262282154342,140.9161380723801,133.23607797502842,127.27846961858619,-168.04366255453806,1,0.005878409517631742,0.07740585774058577,0111,7,0x7
307,12.633756600000197,1,12.603756600000198,0.02999999999999936,0.4710680223740319,4.619556921145172,0.696969696969697,0.6250955982780116,0.09054990692322451,2.007340731245816,132.89071488775596,139.76664508371042,131.026970346913,123.45610980074262,-165.73615291733978,1,0.01025083393182735,0.5167364016736402,0111,7,0x7
308,12.66479199999958,1,12.63479199999958,0.02999999999999936,0.1204904885162888,4.2517358294512535,0.8484848484848485,0.948629516496166,0.10771998297785759,5.6431585670444395,132.84209748174186,141.6415724782348,136.12804556449154,130.64242953445267,-166.71089516775342,1,0.005387444903033674,0.11715481171548117,0111,7,0x7
309,12.69851479999852,1,12.66851479999852,0.02999999999999936,0.31784655155228664,4.2477523589792465,0.8484848484848485,0.8599963209038094,0.0960425938359622,3.056497479870368,133.46412879218457,142.22210528539995,129.8808571440918,124.14189042516612,-166.33704382453615,1,0.008461197145649862,0.24686192468619247,0111,7,0x7
310,12.72754779999741,1,12.69754779999741,0.02999999999999936,0.4009360818536226,4.517712434224707,0.8484848484848485,0.300113552275983,0.12152952777769163,2.437208696678342,134.06511497200307,142.24691423128328,134.4622757523112,127.2338512769134,-166.1548531666144,1,0.006113212214337626,0.20711297071129708,0111,7,0x7
311,12.759562899998855,1,12.729562899998855,0.02999999999999936,0.21112600437645423,3.658679428617204,0.7272727272727273,0.6937395836641536,0.13324154964740437,4.147467057615524,133.58499421301335,141.28300719341792,130.93376973436153,122.35658168796452,-165.44167163393834,1,0.0022199639726529783,0.0,0111,7,0x7
312,12.787856200000533,1,12.757856200000534,0.02999999999999936,0.06770357677257251,3.7966827497144098,0.7878787878787878,0.9080720056657022,0.12928562328808,7.180310047406789,134.57842786965375,142.70619354420108,140.80765444251566,132.98362229662968,-167.37804035118498,1,0.0029658139916342056,0.03347280334728033,0111,7,0x7
313,12.821217500000785,1,12.791217500000785,0.02999999999999936,0.4971320016735483,3.7674257859221187,0.5454545454545454,0.9902289160486929,0.0890824532463223,1.8637325099239332,134.43855920880085,142.14578957590973,136.01682964381078,134.39806486556188,-167.60376519276778,1,0.0024089736335338556,0.0,0111,7,0x7
314,12.869854699998541,1,12.839854699998542,0.02999999999999936,0.7530455213053389,4.780307159493806,0.21212121212121213,0.5032832598153982,0.07937983319538319,0.7563455993299523,133.5397535420764,142.74459643455467,135.3244167962683,133.34073459740597,-170.52833886181674,1,0.002231188909497695,0.0,1101,13,0xd
315,12.9135400999985,1,12.8835400999985,0.02999999999999936,0.6132194502057019,4.937398534375212,0.5757575757575758,0.2672225781376988,0.09907303434903364,1.3040864354670676,134.39542764405581,142.6702114976456,135.64306191430526,132.297095858038,-169.4679037868212,1,0.003909270764442985,0.014644351464435146,1110,14,0xe
316,12.944990299998608,1,12.914990299998609,0.02999999999999936,0.4851724962727666,3.896238333249934,0.7575757575757576,0.3025200207488864,0.13267624746506357,1.928668770291944,133.79288036746405,142.02685292391544,136.67468505816598,131.58582829893845,-168.43606502913062,1,0.005092168354079242,0.1192468619246862,0111,7,0x7
317,12.972982700001012,1,12.942982700001012,0.02999999999999936,0.8139407847969691,4.32422762603301,0.030303030303030304,0.5978818830622568,0.07978544555337355,0.5489804308676948,133.70084427345893,142.0881834642713,136.1766754497699,132.89437951823857,-168.6201895741695,1,0.004725024777439604,0.060669456066945605,1101,13,0xd
318,13.00811849999809,1,12.978118499998091,0.02999999999999936,0.6530592927085924,4.572989270416116,0.5757575757575758,0.2854689924410263,0.10290815240911419,1.136232942280672,133.83545577265153,142.3665150787557,136.70720041941453,132.55229952046633,-170.13435516480655,1,0.004741817526253067,0.056485355648535567,1110,14,0xe
319,13.040411300000414,1,13.010411300000415,0.02999999999999936,0.5069468408127381,4.134816123734278,0.7272727272727273,0.3254067435357639,0.12108676890510359,1.8115976836163608,133.40555000667388,141.7692453694069,132.6232252687586,132.4486602078908,-166.72051188139224,1,0.0033175543249256497,0.0,1111,15,0xf
320,13.072209800000564,1,13.042209800000565,0.02999999999999936,0.2887629430999543,4.524874531229869,0.8787878787878788,0.6353875755424451,0.1048575544851941,3.3123978494991086,132.7913133104064,141.77682504483747,133.26174264569775,131.84176757676823,-169.94763645001944,1,0.01991049271024947,0.7175732217573222,0111,7,0x7
321,13.102096200000233,1,13.072096200000233,0.02999999999999936,0.6076655318322747,4.380631083193277,0.696969696969697,0.7582243425253055,0.08075944587513198,1.32834842800303,133.2097331296649,142.47159495028916,133.37146795938943,130.44646223629832,-168.19270495258124,1,0.017680244257560835,0.694560669456067,1111,15,0xf
322,13.133067399998254,1,13.103067399998254,0.02999999999999936,0.20776960054119373,4.62694305418358,0.8787878787878788,0.8918563016429892,0.09458746915188737,4.190201341142153,133.79995451404528,140.55532062764848,127.84749402692246,125.46654958497429,-166.3024256239045,1,0.01262089438745498,0.5564853556485355,0111,7,0x7
323,13.164058599999407,1,13.134058599999408,0.02999999999999936,0.2774723038417081,4.573768860768183,0.9393939393939394,0.3676661768729532,0.12513943409424008,3.4187577513398657,133.7487462750029,141.16717992881286,128.8821759201162,127.30975780493625,-165.90807303471664,1,0.00501854522400308,0.012552301255230125,0111,7,0x7
324,13.229661999997916,1,13.199661999997916,0.02999999999999936,0.6495473035207705,4.385877703050008,0.3333333333333333,0.8124085456860671,0.07626453156028282,1.1506123062735583,134.4798186384906,142.14948419770775,134.083441916204,130.86852295099894,-163.82484054809993,1,0.0097789653325169,0.48535564853556484,1101,13,0xd
325,13.271450799999002,1,13.241450799999003,0.02999999999999936,0.4445385642735107,4.629784134564628,0.8484848484848485,0.4665503810473265,0.1019560801537888,2.161915917389245,134.79121814392354,142.69940920953894,135.46194291590444,133.37859404871588,-167.97226480665887,1,0.008895211921278673,0.35564853556485354,0111,7,0x7
326,13.319075899999007,1,13.289075899999007,0.02999999999999936,0.516685259450643,4.335976333634837,0.48484848484848486,0.1978841029658609,0.12694126724562008,1.7608569929358602,133.94961524851624,141.8443646734609,134.4197548121544,128.48997681126167,-166.93557636257023,1,0.005197713734643471,0.014644351464435146,1110,14,0xe
327,13.364360299998225,1,13.334360299998226,0.02999999999999936,0.739112979355254,4.283148342950272,0.18181818181818182,0.44412349836163423,0.09296184892733395,0.8061453021819389,133.23466386478958,141.70970243866526,133.23034441086645,130.56225732683393,-165.27616255158634,1,0.0028563620243067436,0.0,1101,13,0xd
328,13.396329600000172,1,13.366329600000173,0.02999999999999936,0.48156810706836783,4.41995415088548,0.5454545454545454,0.5162430717113268,0.10071445005122368,1.9485536267868182,133.76494234843423,142.24108258017827,133.95589334233964,133.15575458033393,-165.8122494154613,1,0.002689750743730366,0.010460251046025104,0111,7,0x7
329,13.426438399998005,1,13.396438399998006,0.02999999999999936,0.7835648754863807,4.588328246902699,0.18181818181818182,0.5710468803753588,0.07777991509696074,0.6504037825642861,131.3579839847921,142.13062428411632,131.6679287992471,129.9522387313863,-165.3557241247772,1,0.0036326560314438937,0.0,1101,13,0xd
330,13.456725799998821,1,13.426725799998822,0.02999999999999936,0.7744949339318684,4.659237092938695,0.21212121212121213,0.015522408826116127,0.1191025100695069,0.6814510939433878,130.82639038149634,141.88207398306707,130.94013861938257,129.14634436830386,-164.83725388163546,1,0.009394842784919354,0.3179916317991632,1100,12,0xc
331,13.488530300001003,1,13.458530300001003,0.02999999999999936,0.3815129973267574,4.816234079111639,0.8484848484848485,0.7370949602035954,0.08651947554246395,2.5696276262118483,130.37571933227366,141.52113654264193,135.90240410591295,130.6634068657005,-169.813973270567,1,0.0017947166743220132,0.010460251046025104,0111,7,0x7
332,13.520501499999227,1,13.490501499999228,0.02999999999999936,0.6424826763079114,4.451505282789876,0.42424242424242425,0.601137599305212,0.08542080367366718,1.1797744680564355,131.155567825236,141.55797387941314,137.73516969963748,130.44813230840998,-172.11180274195385,1,0.0010938136479240845,0.0,1111,15,0xf
333,13.54909889999908,1,13.519098899999081,0.02999999999999936,0.7087486445833854,4.688739685058194,0.30303030303030304,0.1301392065633971,0.11044187051852104,0.9180115635904154,131.64813279265138,142.3797621304454,137.64382239485795,132.2763824898072,-171.6786663825693,1,0.006089770608174191,0.16736401673640167,1100,12,0xc
334,13.579364099998202,1,13.549364099998202,0.02999999999999936,0.037510683533890886,4.482507467498803,0.9090909090909091,0.9992106083789786,0.10755431860224929,8.755011979582424,130.85522630495012,139.87793121607734,127.09569035796987,122.00676557419413,-168.96333919808978,1,0.011317834594628477,0.5564853556485355,0111,7,0x7
335,13.60786619999999,1,13.57786619999999,0.02999999999999936,0.4816908725007167,4.814344480125923,0.696969696969697,0.9977907366330895,0.07017060764351135,1.9478739041058366,130.99107369536512,140.30681252950635,122.51688213559605,123.65047002810238,-168.62732269100223,1,0.005406153082674127,0.07740585774058577,0111,7,0x7
336,13.645877399998426,1,13.615877399998427,0.02999999999999936,0.14239760400385346,4.318063203128711,0.9090909090909091,0.9253326923899643,0.10529019654606102,5.197685615897319,131.45499151357643,141.2183360357075,128.78182127050005,128.80921509223984,-165.52584144774778,1,0.0024351503567856237,0.0,0111,7,0x7
337,13.673743600000307,1,13.643743600000308,0.02999999999999936,0.710997683188583,4.498105636945401,0.2727272727272727,0.9729105993633391,0.06585875582640517,0.9095629538917656,131.95911297974797,140.41443936107189,131.16743303410968,130.99240439690462,-164.97802708061204,1,0.0030601197805135622,0.0,1101,13,0xd
338,13.70174109999789,1,13.67174109999789,0.02999999999999936,0.5776735386051426,4.284364670341831,0.696969696969697,0.27001533698054686,0.11648968303631214,1.4633236852747793,132.0120884321758,140.51026674092984,132.42544509620734,129.47713693159,-168.75209699684723,1,0.0022143926414752084,0.010460251046025104,1110,14,0xe
339,13.731800900000962,1,13.701800900000963,0.02999999999999936,0.16623548491788806,4.345285546307045,0.9393939393939394,0.9303254926088885,0.10222682707665254,4.784933098726472,134.08961023486108,144.76351156757102,137.9812820957888,134.66233981682038,-163.91298252878798,1,0.0023961108316103217,0.010460251046025104,0111,7,0x7
340,13.760241199997836,1,13.730241199997836,0.02999999999999936,0.7085747843993204,4.476075324301865,0.30303030303030304,0.958985939997339,0.0667478531893418,0.9186657927527242,132.66757639384886,143.06561100286706,135.35712598438096,132.9218431388042,-164.5018764953083,1,0.0024465539393692384,0.010460251046025104,1101,13,0xd
341,13.789701099998638,1,13.759701099998638,0.02999999999999936,0.6808015113469426,3.9432139198278455,0.30303030303030304,0.05326262636267339,0.14325063565355506,1.0252919513816703,132.6427123804575,142.1275187533406,133.70910544026992,133.15394875448553,-164.9190541114009,1,0.0012390319788321282,0.0,1100,12,0xc
342,13.845045599999139,1,13.81504559999914,0.02999999999999936,0.7797636287864244,4.774831706528749,0.18181818181818182,0.17901031180173757,0.09980722943905085,0.6633718539781713,133.34029014297002,142.13914606937442,133.07549089552447,132.786749995361,-164.63282315270052,1,0.0013907632480458106,0.010460251046025104,1100,12,0xc
343,13.873521199999232,1,13.843521199999232,0.02999999999999936,0.08996113307524552,4.293439167542958,0.9090909090909091,0.9937111088793733,0.10718189856766469,6.42234015106006,132.8664247953441,140.69056554021785,129.5245025191526,128.19721310695124,-167.8248697333557,1,0.001672006947836862,0.010460251046025104,0111,7,0x7
344,13.91064069999993,1,13.880640699999931,0.02999999999999936,0.2588251106497503,3.9109813470967434,0.6363636363636364,0.8872886420600571,0.10762434753262314,3.604273850192295,133.5976372792274,142.12871370045065,132.3659092427856,130.5422964273068,-168.7169793407211,1,0.0006423052631605609,0.0,0111,7,0x7
345,13.94347199999902,1,13.91347199999902,0.02999999999999936,0.5081015875000635,4.742886141933752,0.42424242424242425,0.7159918301401201,0.0814725834914175,1.8055303360060202,132.59931986270675,142.24903412009886,132.20045223339514,128.26446229669057,-171.05224482890057,1,0.0014641560107917142,0.010460251046025104,1111,15,0xf
346,13.973928699997487,1,13.943928699997487,0.02999999999999936,0.8058643731122038,3.9345460630309947,0.15151515151515152,0.5476222632514023,0.09094006643712922,0.5755728592205628,132.11943580739438,142.17407290086862,131.92611278346126,128.8627790514558,-169.91156470123536,1,0.0022536905204046526,0.0,1101,13,0xd
347,14.004842599999392,1,13.974842599999393,0.02999999999999936,0.6446524744877873,4.436834689077671,0.5757575757575758,0.28911974201404333,0.10630638501463627,1.170783751025565,132.3467699036383,141.76484152854636,132.87222797958066,128.58497794598506,-170.8704970708963,1,0.002636304579966516,0.0,1110,14,0xe
348,14.03651809999792,1,14.00651809999792,0.02999999999999936,0.7133744269719944,4.305262904527572,0.30303030303030304,0.13424479882130794,0.1195201820166174,0.9006636090372356,131.688215467679,140.66654025472351,133.3035432858909,128.76817876388287,-169.3525582918842,1,0.0041393536547142265,0.029288702928870293,1100,12,0xc
349,14.067060199999105,1,14.037060199999106,0.02999999999999936,0.7206703129826404,4.012266970751805,0.15151515151515152,0.013566292399135172,0.14290925410386512,0.8735293595227024,131.5981990849676,140.66481446857617,133.7959820306145,128.44494481096248,-167.68500100125195,1,0.003458694486587513,0.0,1100,12,0xc
350,14.098696199998813,1,14.068696199998813,0.02999999999999936,0.6537673581244529,4.422486723353826,0.3939393939393939,0.12918107440397772,0.12108642469474418,1.133343232882932,131.70011220090225,140.9117779932044,134.94666932874222,131.6031078976565,-166.23183392739037,1,0.0028370849169444333,0.010460251046025104,1100,12,0xc
351,14.128876200000377,1,14.098876200000378,0.02999999999999936,0.7397675303930016,3.6016633304062324,0.36363636363636365,0.1633038784110706,0.13718685135789455,0.8037847740169337,132.69721385066177,141.27433321104388,136.1431172859066,131.15383082464004,-166.4420877234832,1,0.005437288538052126,0.09414225941422594,1100,12,0xc
352,14.160892899999453,1,14.130892899999454,0.02999999999999936,0.7777019685595632,4.189642777482741,0.15151515151515152,0.0665778838166986,0.12588427337079403,0.6704317387364532,132.7909415922903,141.60803359380608,136.2530710260451,131.31873201873586,-166.9941274541011,1,0.0023132625875161347,0.010460251046025104,1100,12,0xc
353,14.191596500000742,1,14.161596500000742,0.02999999999999936,0.5362439011759169,3.744722148800281,0.5151515151515151,0.45870690617838833,0.11916595278357324,1.6617764850749897,133.0752146179434,141.91693747585055,137.32874097656094,134.42714194050293,-168.1525338963337,1,0.0030738898438837383,0.0041841004184100415,1111,15,0xf
354,14.236726600000111,1,14.206726600000112,0.02999999999999936,0.868551148458107,4.371320506527861,0.0,0.5669273377863024,0.07813282042150736,0.3758101391053543,133.34238853493986,142.1042179886163,137.0406182571076,133.5039362529738,-168.37147809710729,1,0.0028697781795695965,0.0,1101,13,0xd
355,14.271660999998858,1,14.241660999998858,0.02999999999999936,0.5160838168023388,4.529125700441862,0.6060606060606061,0.6005943593988596,0.09098737417071089,1.7639629094090266,132.75281558319634,142.67481568081485,135.75407679605016,132.13903284949419,-170.35964411947307,1,0.00143865974980672,0.0,1111,15,0xf
356,14.302460700000665,1,14.272460700000666,0.02999999999999936,0.7235571252522425,4.906890659952502,0.24242424242424243,0.4223486038492921,0.0831307859134585,0.8628687445793158,132.41524538188182,141.76075103688453,136.12720092286278,131.3244660992991,-173.0790176022908,1,0.002424098776203541,0.0,1101,13,0xd
357,14.334111699998175,1,14.304111699998176,0.02999999999999936,0.5341286457123131,3.6465554649959846,0.6060606060606061,0.383983478146796,0.12915894574583195,1.6723161585663657,132.14732702654456,141.6341273499408,135.8571798679051,131.27457315343042,-170.94439769351925,1,0.001779172069235762,0.0,1111,15,0xf
358,14.366454700000759,1,14.33645470000076,0.02999999999999936,0.7674247995719459,4.524097682382182,0.030303030303030304,0.448806738967305,0.08632103216127562,0.7059060942266531,132.0092216356475,141.33190244197644,136.4107640495983,131.16146365380976,-172.2971687376977,1,0.0021170220084709506,0.0,1101,13,0xd
359,14.397867600000609,1,14.36786760000061,0.02999999999999936,0.19899818613474657,4.034380078666763,0.8484848484848485,0.946770761799578,0.10619152268707335,4.305225517866643,133.18684478197105,141.40885869595226,136.81614599348586,132.40602425546604,-169.2384876293162,1,0.0016494134916241,0.0,0111,7,0x7
360,14.430613900000026,1,14.400613900000026,0.02999999999999936,0.4484567076061363,3.926284109129038,0.7272727272727273,0.7944400358184165,0.09799046266041579,2.1385150112505613,133.00492757661218,141.95155344330297,135.98620712973624,130.22219393406314,-170.9107218466226,1,0.002934534992347295,0.0,0111,7,0x7
361,14.476419499998883,1,14.446419499998884,0.02999999999999936,0.7378967150282814,4.324479620782843,0.15151515151515152,0.5810119180575368,0.08416025430236293,0.8105371112323871,131.8642527472716,141.88993231644676,135.85096707183462,130.1351891747831,-171.59185024986184,1,0.004094611284179302,0.03765690376569038,1101,13,0xd
362,14.507913999997982,1,14.477913999997982,0.02999999999999936,0.4080667015630001,4.2974448390264355,0.7575757575757576,0.6583132622898621,0.09965518204598675,2.3901990232454513,133.61946215038483,142.8361425694978,138.25902576481383,129.94689752468483,-168.1372080438719,1,0.0018730804524017207,0.010460251046025104,0111,7,0x7
363,14.53962540000066,1,14.50962540000066,0.02999999999999936,0.4177615119555528,4.086819166004378,0.5757575757575758,0.03129654777449556,0.16735081520179626,2.3275854795768836,133.27985130472157,142.21258735285153,132.97694849433415,128.23604064563185,-167.62948888018727,1,0.0027060732422835667,0.0,0110,6,0x6
364,14.569008399997983,1,14.539008399997984,0.02999999999999936,0.6211984612677433,4.410453589209738,0.36363636363636365,0.48460600030689704,0.09420400118303748,1.2696124393137287,132.4963451660976,141.56608391194374,130.53073683856428,125.71144670778806,-167.13843467637852,1,0.002180729497478578,0.0,1101,13,0xd
365,14.59901600000012,1,14.56901600000012,0.02999999999999936,0.812310515757284,4.490933849430872,0.06060606060606061,0.34313601559733475,0.09147675218058633,0.5543269422717358,133.37037995316473,141.4612029617812,132.42217815332407,126.40611699552119,-166.93520073152246,1,0.001974478986947197,0.0,1101,13,0xd
366,14.634285399999499,1,14.6042853999995,0.02999999999999936,0.8413217810804006,4.447683017787243,0.030303030303030304,0.04675459137015537,0.11665184365238102,0.4607495332544538,132.420208856821,141.11262380169768,130.95025796067918,126.04017723735923,-167.11650145571295,1,0.003035502960497698,0.0,1100,12,0xc
367,14.665899299998273,1,14.635899299998274,0.02999999999999936,0.4220763414580034,4.564538791387752,0.7575757575757576,0.7257636669765556,0.08926862903574186,2.3001842063423155,133.6020257019804,142.3884572508817,135.7769331486341,129.8337812061808,-170.53468888536855,1,0.0014177525233892915,0.0,0111,7,0x7
368,14.711755500000436,1,14.681755500000436,0.02999999999999936,0.7121180061153682,3.990088143590891,0.42424242424242425,0.6027211727146133,0.09133260429031469,0.9053643796727143,133.31183304755322,142.80927711560085,136.72703695909536,131.25874879578237,-170.04248051628022,1,0.0007332965782439886,0.0,1111,15,0xf
369,14.742620799999713,1,14.712620799999714,0.02999999999999936,0.4425630752048602,4.502319876131212,0.7272727272727273,0.5609471848075652,0.09863717663282935,2.173792751617581,132.9663421289951,144.12640224122325,134.20805887142822,129.67381531672493,-166.660982255022,1,0.0015502652852650485,0.0,0111,7,0x7
370,14.789321399999608,1,14.759321399999608,0.02999999999999936,0.1784209484703908,4.8044454772008605,0.9090909090909091,0.8370540004395289,0.09614669362239554,4.596292377516156,129.732062538909,139.7398437256473,126.28947269390984,124.26956519868858,-167.56680730255889,1,0.0011865973203697914,0.0,0111,7,0x7
371,14.817567899997812,1,14.787567899997812,0.02999999999999936,0.6624811191053245,4.196966015198868,0.48484848484848486,0.9412762767679402,0.07382789373752441,1.098035255977459,132.76657280454225,141.3197463924664,130.8621600481465,128.3876499828264,-168.1697805607613,1,0.001563973926772652,0.0,1111,15,0xf
372,14.854817499999626,1,14.824817499999627,0.02999999999999936,0.3918239010811353,4.296374199476429,0.7878787878787878,0.604519712695417,0.10422419582411385,2.498514058833253,133.3424279062921,142.20612653482792,137.74127089314104,132.491481599957,-173.53947858999467,1,0.001069725450647251,0.0,0111,7,0x7
373,14.899261300000944,1,14.869261300000945,0.02999999999999936,0.684619753615896,4.556438301494335,0.3333333333333333,0.6315967215754873,0.0798472187347609,1.0103778641537955,134.31368795233257,142.65158684804246,138.0982230165102,131.1593221931262,-171.44077364594065,1,0.002659419015338147,0.0,1101,13,0xd
374,14.930149799998617,1,14.900149799998617,0.02999999999999936,0.5751221937327604,3.489592482376066,0.36363636363636365,0.22828055127377184,0.14811991743739114,1.4751273331265202,133.89796157846425,142.69378758368583,135.9944699470169,131.34463243374267,-168.7224606616649,1,0.0014134975814095007,0.0,1100,12,0xc
375,14.965212499999325,1,14.935212499999325,0.02999999999999936,0.3944878038781304,3.9484796032500484,0.7575757575757576,0.46420580761749014,0.12403757177930365,2.4804454788411276,134.1386892050229,143.710863932398,137.73769368206658,128.21908588562133,-170.26599649313653,1,0.0011223760034746594,0.0,0111,7,0x7
376,15.009362000000692,1,14.979362000000693,0.02999999999999936,0.825065414652235,4.914573115366838,0.0,0.7547202225465512,0.06353717233304629,0.5127802808086056,133.36771149671816,142.48472605061897,136.88683335409752,129.18539218329653,-169.73190986811184,1,0.0009055194367709955,0.0,1101,13,0xd
377,15.04189679999763,1,15.011896799997631,0.02999999999999936,0.7522020319404542,3.638949070468758,0.21212121212121213,0.12265625271003655,0.13969891833247916,0.7593342176520486,133.92928917073633,144.28483805578395,137.429838670265,129.80117813426455,-169.74801751332984,1,0.0013748862139092355,0.0,1100,12,0xc
378,15.085207299998729,1,15.05520729999873,0.02999999999999936,0.6932382265122895,4.676224282698813,0.3333333333333333,0.10841389047057681,0.11394221114019495,0.9770175404362421,134.0966295900744,144.26819069451946,135.9035693435215,131.45609154021935,-171.32176767945916,1,0.0007403707345914332,0.0,1100,12,0xc
379,15.11387029999969,1,15.08387029999969,0.02999999999999936,0.21510291581312652,4.0827124302928794,0.7575757575757576,0.9154759763940616,0.10523529829418558,4.097703165823416,133.07913152552536,143.95435884983448,128.21939580236406,123.60360100167769,-168.00814036629555,1,0.0004978190816620065,0.0,0111,7,0x7
380,15.147456599999714,1,15.117456599999715,0.02999999999999936,0.5868930789705074,4.573103753078969,0.6060606060606061,0.8712636643755405,0.07363873081007823,1.4211003306841277,134.0430387484173,143.83422153065564,132.0335596647826,130.22145203667228,-165.89928890082896,1,0.0011009083953875017,0.0,1111,15,0xf
381,15.177298099999462,1,15.147298099999462,0.02999999999999936,0.3540744972636185,3.8941612846116245,0.7272727272727273,0.5874611427167366,0.11946492176587771,2.768661183309758,134.0199979445311,142.78301679692711,133.41361883915013,131.51029878095213,-164.3942408874533,1,0.0008354643348743118,0.0,0111,7,0x7
382,15.210207000000082,1,15.180207000000083,0.02999999999999936,0.46898240562135113,3.5615827614160906,0.6060606060606061,0.35813415790879183,0.1407335662762034,2.019173402416521,131.0923454378009,142.44640691590874,128.5665502619217,130.80521710663606,-165.2733348294172,1,0.0008281947477720114,0.0,0111,7,0x7
383,15.238623400000506,1,15.208623400000507,0.02999999999999936,0.705478022052358,4.474460647606682,0.36363636363636365,0.49632178902742186,0.08757662004655539,0.9303457612653534,131.05741346716064,141.6021081135361,131.60583762950287,130.82090163147072,-166.2095820179765,1,0.0009356099415689179,0.0,1101,13,0xd
384,15.287940599999274,1,15.257940599999275,0.02999999999999936,0.43198937865391346,3.9401654512314077,0.7272727272727273,0.5743339023421238,0.11257679925827105,2.238278073305522,131.76635718610171,141.65892265972585,134.5371642842154,132.0592908850184,-166.54901228822106,1,0.0007857234423129366,0.0,0111,7,0x7
385,15.320249399999739,1,15.29024939999974,0.02999999999999936,0.2272188088003684,4.613334354016317,0.8787878787878788,0.6945276619995888,0.10423519973094099,3.951578160930106,130.3387429760808,142.6278732001976,130.8229382151443,126.94922149231743,-164.4510656691353,1,0.001274453088594906,0.0,0111,7,0x7
386,15.350695799999812,1,15.320695799999813,0.02999999999999936,0.2722370241378176,3.971460359855427,0.7272727272727273,0.23645219134722284,0.16006795968255433,3.469552479664067,132.05628466430113,142.21384791085893,134.47266484008117,130.89529959647584,-165.33310343857434,1,0.0009798208923466323,0.0,0110,6,0x6
387,15.391106399998534,1,15.361106399998535,0.02999999999999936,0.5978740836204941,4.307002342652603,0.5454545454545454,0.7813949853054576,0.0815684319698142,1.3716669592278623,132.21642782370535,143.5656479041251,134.57945303454096,130.92581471966903,-163.84821842869792,1,0.0005961894497433671,0.0,1111,15,0xf
388,15.445578700000624,1,15.415578700000625,0.02999999999999936,0.6505087597865352,4.72804771467864,0.36363636363636365,0.11202724763752918,0.11523512756291995,1.1466680396912767,131.27245512237354,141.6560714767154,134.36748446732665,130.19255821802645,-166.67649028922384,1,0.0008650979781239,0.0,1100,12,0xc
389,15.476170499998261,1,15.446170499998262,0.02999999999999936,0.6622834136863489,4.739989393107553,0.5151515151515151,0.023913863304071754,0.12395217035204974,1.098831192827315,131.4306541848,142.21209302347023,132.52372248975968,129.44117150320503,-165.40857207266617,1,0.0023471483448207157,0.0,1110,14,0xe
390,15.506238599999051,1,15.476238599999052,0.02999999999999936,0.557482282922708,4.821015971047783,0.6363636363636364,0.22572829569687122,0.10865359565027936,1.5581988151031805,131.16668225672166,141.60241339482542,133.74191452208973,130.46166482982855,-167.34449538779617,1,0.0014280230478806299,0.0,1110,14,0xe
391,15.537395200000901,1,15.507395200000902,0.02999999999999936,0.23012172833552666,3.91584737479321,0.7878787878787878,0.8273768859560884,0.11360515188110096,3.9177249504841485,131.26753017187255,142.26234552100124,132.5843930547846,127.41570921040791,-167.13314629079417,1,0.0007921483921274874,0.0,0111,7,0x7
392,15.564612899997883,1,15.534612899997883,0.02999999999999936,0.6061428312855808,3.2688969280986178,0.42424242424242425,0.8594778598340708,0.10242915679769715,1.3350390013169435,131.8176320058121,142.13091548841015,138.32465483162056,128.18898164921913,-167.24945426080802,1,0.0005829536739296415,0.0,1111,15,0xf
393,15.62863759999891,1,15.598637599998911,0.02999999999999936,0.3541880059464272,4.661616574580426,0.8787878787878788,0.6146642984584029,0.09810750813313084,2.76780644422067,131.7096813031554,140.99576568331042,132.2321055547428,127.26628249138909,-167.52116156191207,1,0.0005053693528046245,0.0,0111,7,0x7
394,15.662567399998807,1,15.632567399998807,0.02999999999999936,0.06589664825534794,3.627861598233182,0.8787878787878788,0.9776898011810857,0.13076033333602258,7.252447199571499,132.67743248385295,142.80062298254538,143.97263205313314,130.74838828440508,-174.41894896500546,1,0.0005988673514241977,0.0,0111,7,0x7
395,15.692721999999776,1,15.662721999999777,0.02999999999999936,0.1584988548567465,3.9968530616326694,0.8484848484848485,0.8243404576913509,0.11838054073029682,4.91202109485203,132.70998406763718,141.81864756233063,135.99231901825826,127.02673739654503,-169.27029294628247,1,0.00041469913741503793,0.0,0111,7,0x7
396,15.724830299997848,1,15.694830299997848,0.02999999999999936,0.2165682661640389,4.0679332503628824,0.7878787878787878,0.3937338319720239,0.14498058763597954,4.079598570897913,133.38399982310673,143.05594667135463,141.53009523111876,131.1490145471759,-170.68766917291353,1,0.001027120149045895,0.0,0111,7,0x7
397,15.757209399998828,1,15.727209399998829,0.02999999999999936,0.5046295244559769,4.422157973481797,0.7272727272727273,0.8102964458302764,0.0830207149114734,1.823815290326857,133.2121939502203,142.26538780767194,138.52155883926648,130.56180618807306,-167.0744846762407,1,0.001378924026384175,0.0,1111,15,0xf
398,15.802780899997742,1,15.772780899997743,0.02999999999999936,0.6206947623943282,4.705988447555867,0.5151515151515151,0.26921737795245854,0.10330275522531313,1.2717755835258628,132.82880740440777,141.4084209686908,133.36485961291388,129.3318723966762,-164.97192183649665,1,0.0008874364706531456,0.0,1110,14,0xe
399,15.831044700000348,1,15.801044700000348,0.02999999999999936,0.47074066138578635,4.0720488865457884,0.696969696969697,0.35286238723687374,0.12342333998004087,2.0091945316737174,132.7262334939722,141.37518778476795,133.99953502790535,130.21377161669338,-163.02655890899857,1,0.0005330119606652702,0.0,0111,7,0x7
400,15.858212099999946,1,15.828212099999947,0.02999999999999936,0.5937084768344895,3.2285178270999166,0.48484848484848486,0.2999288804908856,0.1495093440123062,1.3903116262165727,132.78910626906986,140.65405367833645,129.19858768761367,128.84299880197392,-163.12141599481538,1,0.0007833099883005408,0.0,1110,14,0xe
401,15.896726299997681,1,15.866726299997682,0.02999999999999936,0.6720926962185308,4.066504704392815,0.5454545454545454,0.16385334565695286,0.1263630534559219,1.0596240191215156,132.7025738606279,140.69042886473306,130.44795366726677,129.49734641098829,-161.95636087645835,1,0.0013900430699842151,0.0,1110,14,0xe
402,15.927015900000697,1,15.897015900000698,0.02999999999999936,0.22378152908595264,4.281692886198171,0.7575757575757576,0.8988695455000133,0.10050448984054752,3.9922267190357186,133.45959766844348,141.78320849099688,134.6141621260732,131.66870656625673,-167.03510384797076,1,0.0008293229489501266,0.0,0111,7,0x7
403,15.956807799997478,1,15.926807799997478,0.02999999999999936,0.44786712584238064,3.999271865734958,0.5757575757575758,0.7283020029749329,0.09992421181647634,2.14202315909794,133.5228682540009,141.4799855316397,134.48179991449322,130.60430183675288,-165.44170097715434,1,0.0007126352654072145,0.0,0111,7,0x7
404,15.989913699999306,1,15.959913699999307,0.02999999999999936,0.5345621135838663,4.14129120234111,0.6666666666666666,0.23165264064226948,0.12775900361586134,1.6701529240151618,133.86181568158145,141.55043680108173,136.53908815056482,134.74575469830594,-165.34046632741948,1,0.001549725240717587,0.0,1110,14,0xe
405,16.030562500000087,1,16.000562500000086,0.030000000000001137,0.35941568851652034,3.5948626934960584,0.696969696969697,0.48483899908968564,0.13781168715050301,2.728735076318736,134.12728342365045,141.8196972948861,136.96271345041436,135.23896649444075,-165.96990755613137,1,0.00084347974867482,0.0,0111,7,0x7
406,16.090324999997392,1,16.06032499999739,0.030000000000001137,0.38130332820999635,3.6450183289150218,0.696969696969697,0.07865793445615395,0.18413124211344054,2.5710935561873898,133.97342239455244,141.06546930180187,130.07035927083615,130.0342002683888,-164.16730051285612,1,0.0004896527198881173,0.0,0110,6,0x6
407,16.128058899997995,1,16.098058899997994,0.030000000000001137,0.8043887788631886,3.8613256842080346,0.030303030303030304,0.759620257185581,0.08156700114013993,0.5804601890096182,133.8424407489867,141.43151093848,132.4402641065152,129.9167315113574,-163.42235312105026,1,0.00027729319031843177,0.0,1101,13,0xd
408,16.15800920000038,1,16.128009200000378,0.030000000000001137,0.5867645188827861,4.594222951920005,0.45454545454545453,0.3974460287605319,0.09816132415686608,1.4216845332701948,133.5230818436322,141.64107708929072,134.34538469483425,131.06486172566423,-165.50893057366488,1,0.00043705608347181725,0.0,1111,15,0xf
409,16.189883399998507,1,16.159883399998506,0.030000000000001137,0.862011853396196,4.2417657388270396,0.0,0.4721710337511273,0.08600280386856408,0.3959633529955,133.4287369590095,141.47957438326736,133.0306296531959,131.0977368281333,-164.65303212222264,1,0.000400410880158517,0.0,1101,13,0xd
410,16.22025129999747,1,16.19025129999747,0.030000000000001137,0.9010318963549028,4.039660038638151,0.06060606060606061,0.058960383861248515,0.12296628847898117,0.2779056558415265,133.58013578088148,141.7936841626085,133.91222014967775,131.04195489731003,-164.6987423407263,1,0.000593246731017745,0.0,1100,12,0xc
411,16.251769999998942,1,16.22176999999894,0.030000000000001137,0.654730056079839,3.9176756156487498,0.21212121212121213,0.4017691560573737,0.11004438089203948,1.129419350446366,133.5047745282989,141.79985915789598,133.28387965902186,129.71584831464298,-165.30143169416482,1,0.0005114884237968445,0.0,1101,13,0xd
412,16.284178499998234,1,16.254178499998233,0.030000000000001137,0.7569841554822203,4.518533250082342,0.21212121212121213,0.19111328207347078,0.10575029926245788,0.7424345504920167,132.72864334059986,141.0251609900059,132.76733656743568,130.08017139773628,-164.7926474898564,1,0.0007343112459527997,0.0,1100,12,0xc
413,16.317128700000467,1,16.287128700000466,0.030000000000001137,0.23594290785688707,4.079896428383441,0.8787878787878788,0.9144981861973728,0.10358514843163333,3.851107784222619,133.41607182077428,141.7066241347344,138.0766990260621,133.7883646182928,-168.72765645012808,1,0.000399064619461631,0.0,0111,7,0x7
414,16.362549099998432,1,16.33254909999843,0.030000000000001137,0.7304998373331123,4.508093970542038,0.30303030303030304,0.9063788396737036,0.06723977756967947,0.8374033879206109,133.63552691503023,141.93544473182013,139.9396555774677,131.33835149826447,-167.467932152322,1,0.0002570391918526944,0.0,1101,13,0xd
415,16.393400199998723,1,16.363400199998722,0.030000000000001137,0.5351967274797444,4.300391384614455,0.6060606060606061,0.3925346161062955,0.10877321899960354,1.6669890260300195,132.90498828042715,140.64297543077953,138.79656592830136,129.2527992393195,-166.5618978336108,1,0.0003900526350373824,0.0,1111,15,0xf
416,16.424533999997948,1,16.394533999997947,0.030000000000001137,0.80369495265045,4.37091449053553,0.09090909090909091,0.4945864078706072,0.08486792253886499,0.5827613171318939,133.10985670876326,142.05869391171305,137.9507967365148,129.24366818612555,-166.22264347523966,1,0.0008049852335784708,0.0,1101,13,0xd
417,16.455398800000694,1,16.425398800000693,0.030000000000001137,0.420958718532532,4.02307745438689,0.696969696969697,0.6974134104507334,0.10305581828165224,2.307254682265882,133.16111688733073,142.00363878232525,135.9417103506621,130.35653417785065,-163.60575222426445,1,0.002463316142920776,0.0,0111,7,0x7
418,16.4864364999994,1,16.4564364999994,0.030000000000001137,0.6397809341125379,4.655272570594847,0.5454545454545454,0.5065822632427415,0.08695132469403712,1.1910118711261581,133.53441345293234,142.24278628133465,137.98541548835271,132.41977708369276,-165.17578252454214,1,0.001773781499866499,0.0,1111,15,0xf
419,16.517506399999547,1,16.487506399999546,0.030000000000001137,0.3244818125051598,4.051666365332868,0.6666666666666666,0.7188180636835536,0.10841525998584971,3.0014021124228702,133.39895653024544,141.88020054693652,134.99531203790417,130.15950251319092,-168.1723844897027,1,0.0016374605511089405,0.0,0111,7,0x7
420,16.545454600000085,1,16.515454600000083,0.030000000000001137,0.20920380088413537,3.9706461355089964,0.7878787878787878,0.5264544610793863,0.1364443194466915,4.171857008784381,133.05643700776824,140.86968109895278,129.86181407087588,126.75699944669957,-167.8363967852931,1,0.0013068129433719518,0.0,0111,7,0x7
421,16.581527300000744,1,16.551527300000743,0.030000000000001137,0.3907354407213962,4.433218099930932,0.7878787878787878,0.6820634749669887,0.09642596630539325,2.505932187212694,133.03297132989718,141.28749976430214,131.72152842309626,125.57549219604938,-169.0911731851686,1,0.0020374543013028665,0.0,0111,7,0x7
422,16.612228899997717,1,16.582228899997716,0.030000000000001137,0.2834231966539818,4.011842073395259,0.8181818181818182,0.40374844838566426,0.13835568141835516,3.362170943442142,132.70759489973426,141.39040587720334,132.33772835291677,127.28358783148232,-168.42973752770584,1,0.001411448364979456,0.0,0111,7,0x7
423,16.643470899998647,1,16.613470899998646,0.030000000000001137,0.5687891414043623,4.491675890997511,0.6363636363636364,0.7300143798625396,0.0820308669280671,1.5046546427555216,133.76443575100294,141.58540139406148,131.19592225358815,126.83926560720307,-164.1607132484423,1,0.0007255631118032152,0.0,1111,15,0xf
424,16.673969499999657,1,16.643969499999656,0.030000000000001137,0.6688001899861812,4.349586488155139,0.3939393939393939,0.21267118212888744,0.1136068796192883,1.072719821710462,133.1264166110946,141.7365860034133,131.28958540226216,127.18286444932419,-163.9531915839976,1,0.0006361850511189059,0.0,1100,12,0xc
425,16.705498799998168,1,16.675498799998167,0.030000000000001137,0.351529518571042,4.849529888033751,0.7575757575757576,0.695013315692335,0.09001226911418428,2.787897579713123,134.74951111025382,143.94256597608432,135.65852350648512,130.3526147578203,-164.48630273680757,1,0.0012078029183349383,0.0,0111,7,0x7
426,16.737080899998546,1,16.707080899998545,0.030000000000001137,0.37575147237808726,3.7867987423396614,0.7575757575757576,0.08861264705643468,0.17632521174212828,2.6102062182723644,134.31617342632154,142.87232667442717,135.98262661638776,132.93446353129704,-162.53815675135675,1,0.000739144275036547,0.008368200836820083,0110,6,0x6
427,16.767776000000595,1,16.737776000000594,0.030000000000001137,0.47324712233591315,4.8129308391120675,0.7878787878787878,0.29823971970266056,0.10863252777686774,1.9950335188099033,134.28221849968742,143.71435029657917,133.62935793722824,131.4903450544909,-162.29291255266847,1,0.0008732496111150374,0.0,0110,6,0x6
428,16.799224099999265,1,16.769224099999263,0.030000000000001137,0.14158900707210764,4.871869601844672,0.9090909090909091,0.9230001072928213,0.09350078515246177,5.212871291753731,131.5491120317576,139.72731037629555,131.99364930296372,127.92561960668422,-163.72770252379158,1,0.0006789510609442459,0.0,0111,7,0x7
429,16.829598799999076,1,16.799598799999075,0.030000000000001137,0.5286260533184653,4.2430369823595715,0.7878787878787878,0.9421074713274412,0.0793868676903013,1.6999306416766138,132.15128822888298,140.37863683283234,130.28551812779588,128.58500750755798,-161.32766348114492,1,0.0006756309090343192,0.0,1111,15,0xf
430,16.860429899999872,1,16.83042989999987,0.030000000000001137,0.617599997467974,3.8575486459158763,0.18181818181818182,0.204488937345973,0.13304992540336355,1.285104758323561,131.54548343472146,140.45772372520454,129.6687524360661,130.07742102602865,-162.6395658810481,1,0.0006087158601650669,0.0,1100,12,0xc
431,16.891343200000847,1,16.861343200000846,0.030000000000001137,0.4755872056692133,4.673299169116029,0.7272727272727273,0.3349448476551009,0.10862960780261803,1.981880042612762,132.72759773756573,142.98311014667468,130.23464413777629,128.85296403452094,-160.75545942395289,1,0.0007828776684164212,0.0,0111,7,0x7
432,16.92406839999967,1,16.894068399999668,0.030000000000001137,0.04302976600136163,4.839616332681249,0.9393939393939394,0.9967057926199446,0.09921521684645582,8.388968453816313,132.28794111488935,139.09888520985135,127.13446154042086,126.79801297776098,-163.9853888290442,1,0.005660501062279126,0.006276150627615063,0111,7,0x7
433,16.971687599998404,1,16.941687599998403,0.030000000000001137,0.1819640352890136,3.8631841096473485,0.8787878787878788,0.9581273858793377,0.11184315007293154,4.543856585958649,133.25676359294718,141.12791582583097,134.83765511838135,130.8064825162851,-168.46490328547532,1,0.0021035139217543478,0.0,0111,7,0x7
434,17.002075099997455,1,16.972075099997454,0.030000000000001137,0.5832609745071053,3.990614512184454,0.5151515151515151,0.9142956775534996,0.0826796627856612,1.4376548056768743,132.2418252116773,141.10976773775067,134.581672213448,129.682980114856,-170.07359039928247,1,0.001945421147825251,0.0,1111,15,0xf
435,17.033747599998605,1,17.003747599998604,0.030000000000001137,0.1948722914060433,4.350890063456846,0.8484848484848485,0.89798621805228,0.10134617109034402,4.361095602228932,132.60198914716398,141.29017936595324,130.39552986347675,125.78944654579465,-170.35340531884196,1,0.001201328476041166,0.0,0111,7,0x7
436,17.06458070000008,1,17.034580700000078,0.030000000000001137,0.1597333837685006,4.2935489924918535,0.9090909090909091,0.2590761258084331,0.15950467966906764,4.891331213607863,132.932240856252,142.42589253677653,136.23514177747,128.21612966865248,-170.37441507398466,1,0.00216833260279119,0.0,0110,6,0x6
437,17.096521499999653,1,17.066521499999652,0.030000000000001137,0.6850958358956041,4.147752295307878,0.3939393939393939,0.959645149678924,0.07301047019525143,1.0085241175705257,133.34893474915344,142.09764063611624,136.2605683762537,128.638105874896,-169.4166604845067,1,0.001926281485631134,0.010460251046025104,1101,13,0xd
438,17.12654459999976,1,17.09654459999976,0.030000000000001137,0.3957598955013285,4.0486058019716396,0.7272727272727273,0.6240847802547752,0.10896200719979864,2.471860202955321,132.25134749631138,142.08794868059778,132.13866703853304,127.99410331422692,-167.76688649368538,1,0.0020914011659338293,0.010460251046025104,0111,7,0x7
439,17.15743179999845,1,17.127431799998448,0.030000000000001137,0.4062882502179377,4.694180858609721,0.8787878787878788,0.034992614503453964,0.14636208340556633,2.4018463877007616,133.1933108611349,143.6562369745254,131.15295817689972,127.95022084644322,-164.54385444704047,1,0.004411188730807886,0.05230125523012552,0110,6,0x6
440,17.189526499998465,1,17.159526499998464,0.030000000000001137,0.46883033597994167,4.694943905207869,0.9090909090909091,0.18861827314450363,0.1219987992426401,2.020038221221529,132.78262064538998,142.39359523465453,130.654279712098,127.5656557615917,-168.19271268630192,1,0.0051062462649267976,0.06485355648535565,0110,6,0x6
441,17.225299699999596,1,17.195299699999595,0.030000000000001137,0.0716164424879903,4.742695241599229,0.8181818181818182,0.9867524411256046,0.0990356730954226,7.030481567179993,130.38903684654085,140.0954943554446,115.70990490271264,115.76478435365082,-168.77804744775815,1,0.016076673906714998,0.7196652719665272,0111,7,0x7
442,17.267217799999344,1,17.237217799999343,0.030000000000001137,0.11349418247318306,4.140151281551632,0.8484848484848485,0.5468683467779654,0.14023050059160294,5.802676530978929,132.78836083950344,141.0416427140102,131.4445268446164,125.90935130329709,-167.48721567071203,1,0.011302861017166198,0.38493723849372385,0111,7,0x7
443,17.298552399999608,1,17.268552399999606,0.030000000000001137,0.14718556068089447,3.601411587559865,0.6363636363636364,0.3333479533514676,0.1815306955884024,5.109496455197831,131.54477128405574,141.04450165006472,120.85591389452122,118.07605244799291,-166.7697866861703,1,0.009412748546076988,0.35564853556485354,0111,7,0x7
444,17.32915420000063,1,17.29915420000063,0.030000000000001137,0.1650701145196988,4.499103996315608,0.9090909090909091,0.15172109685095347,0.16564357064158802,4.8036932236224095,131.09842198754606,146.05639889027626,123.69077920118427,119.47888159279753,-169.73304942294882,1,0.00623603646397014,0.16108786610878661,0110,6,0x6
445,17.373214200000803,1,17.3432142000008,0.030000000000001137,0.5274182911139738,4.020746215746953,0.48484848484848486,0.9135924883821249,0.08509144397256622,1.7060301973120444,130.70936528514852,142.9238691592192,120.52806981078528,117.36965602310397,-169.0731125823784,1,0.006060470906595984,0.18200836820083682,1111,15,0xf
446,17.40676379999786,1,17.37676379999786,0.030000000000001137,0.6375127404296258,3.5914013738421757,0.48484848484848486,0.2475242447228214,0.13630204548350344,1.2004827124309003,129.48774181597443,143.19888219468953,122.42738013375809,116.99901216569808,-167.92508729056692,1,0.004110367616269215,0.05439330543933055,1110,14,0xe
447,17.4380648999977,1,17.408064899997697,0.030000000000001137,0.14479126621764124,4.605274267927573,0.9090909090909091,0.962319864084401,0.09666035651229968,5.153232312069473,131.0775602929146,148.13994397681384,126.57622047187394,119.84723967585487,-175.40484778876893,1,0.004200379285561616,0.03138075313807531,0111,7,0x7
448,17.468701099998725,1,17.438701099998724,0.030000000000001137,0.41759450657199415,4.247739052705632,0.8181818181818182,0.887979498699908,0.08796155029883727,2.3286517260286668,128.43611664681345,146.79841714110498,122.0032064702831,117.64520330510167,-172.1464729247574,1,0.005505077118699307,0.06276150627615062,0111,7,0x7
449,17.500191600000107,1,17.470191600000106,0.030000000000001137,0.5809935999367926,4.35013760812233,0.5151515151515151,0.41389734521798655,0.10283690886544233,1.4480414341072045,128.09624794079085,145.61317832351412,124.13678692593494,119.04877787188543,-171.28226486275645,1,0.006205294590942342,0.1297071129707113,1111,15,0xf
450,17.531288800000766,1,17.501288800000765,0.030000000000001137,0.5233799386425688,4.137605019700488,0.6666666666666666,0.1383497939611698,0.13936926335647548,1.7265269827786198,128.19467365552333,145.24798254196455,126.97804533398582,113.66054560393098,-174.25417304479626,1,0.012055019210738241,0.5753138075313807,1110,14,0xe
451,17.562515800000256,1,17.532515800000255,0.030000000000001137,0.4866001243017307,4.744374456906539,0.8484848484848485,0.09684878017513011,0.12926475267163215,1.9208335818218982,128.59075743486144,144.50683988358085,125.45452263535147,114.86715970511626,-170.339167885368,1,0.015479678311980489,0.8179916317991632,0110,6,0x6
452,17.593760199997632,1,17.56376019999763,0.030000000000001137,0.525248585813204,4.422084580296559,0.6666666666666666,0.10155398970388338,0.1345942591261746,1.7170230177804375,129.7989836938113,143.29508567367498,128.56069844752076,113.71409414556767,-170.70414989660512,1,0.014115887063768357,0.5585774058577406,1110,14,0xe
453,17.62542570000005,1,17.59542570000005,0.030000000000001137,0.4199392686226468,4.212164639967168,0.5151515151515151,0.28980074531275807,0.129629029202327,2.31372047114019,129.7936336326101,142.93324033628517,123.75050365833079,114.1379544780409,-168.0069392461326,1,0.009905957907749329,0.5334728033472803,0110,6,0x6
454,17.6580647999981,1,17.6280647999981,0.030000000000001137,0.5696723017771108,4.261815431465831,0.6060606060606061,0.3855833147669737,0.10788565997834618,1.5005173137069954,128.76061051692616,142.99787112433017,123.49287877755383,115.58180275481536,-168.12896275056312,1,0.018472648792340216,0.797071129707113,1111,15,0xf
455,17.687979300000734,1,17.657979300000733,0.030000000000001137,0.14274337711108304,4.437752227254041,0.8181818181818182,0.9513061206069687,0.10105616884256725,5.19121820410909,127.89114313576704,133.32963797320522,116.3505134899125,107.53695797066885,-161.74348180408245,1,0.012362876064463797,0.5543933054393305,0111,7,0x7
456,17.723742899997887,1,17.693742899997886,0.030000000000001137,0.3338943232652679,4.30507047073863,0.7272727272727273,0.8120553591258416,0.09610076599588709,2.9251486226106485,129.49971526866472,135.61875528805308,118.45512876989703,111.43737619740486,-161.18695640053735,1,0.007312335199422329,0.18828451882845187,0111,7,0x7
457,17.772377199999028,1,17.742377199999027,0.030000000000001137,0.6772190676706715,4.864004508014928,0.45454545454545453,0.7365489235093302,0.07058773019116275,1.0393612599687965,130.64875420018888,136.40069936899818,117.34851436465533,111.24912052372548,-162.00478248307599,1,0.013560546366211465,0.6799163179916318,1111,15,0xf
458,17.813234999997803,1,17.783234999997802,0.030000000000001137,0.6011784544094567,4.403433481065063,0.30303030303030304,0.15748236909597638,0.12253338685833227,1.3569692250340522,132.54948534862297,134.33579301951835,113.86182007649025,110.70955725114635,-160.01482045003203,1,0.011414970398512497,0.6129707112970711,1100,12,0xc
459,17.859627199999522,1,17.82962719999952,0.030000000000001137,0.4389729759282022,4.617853642187394,0.8181818181818182,0.3963169165159445,0.10777628217564744,2.195513136138214,133.01788149948834,132.28331090802908,115.04042622309551,106.66460887789536,-163.12959746784946,1,0.009258169661587986,0.4665271966527197,0111,7,0x7
460,17.891019999999116,1,17.861019999999115,0.030000000000001137,0.3575022977536439,3.802017668581174,0.5454545454545454,0.26709040348172197,0.152910635813151,2.742969305562055,132.3773405299411,133.1342946078313,111.31694880951694,105.42523372366377,-160.465969128931,1,0.014684018189569433,0.6778242677824268,0110,6,0x6
461,17.92152949999945,1,17.89152949999945,0.030000000000001137,0.5554132472351382,4.148097186121208,0.48484848484848486,0.5280429281588649,0.10143077137800334,1.5681142738457003,131.1934955874427,133.15150261308025,112.68356924060998,108.06188373037705,-159.93061925453546,1,0.013674617498893047,0.7071129707112971,1111,15,0xf
462,17.953478200000973,1,17.92347820000097,0.030000000000001137,0.3740343328283051,3.404709732415154,0.36363636363636365,0.4832019093462636,0.1441192679378713,2.622420498065801,131.56394360661213,135.4083927570095,113.15091475642576,107.0438714247004,-160.11221779854694,1,0.035812606190644296,0.8849372384937239,0101,5,0x5
463,17.984841599998617,1,17.954841599998616,0.030000000000001137,0.7038687506348019,4.262038781295671,0.30303030303030304,0.6873907928157631,0.08160763457497396,0.9364356638997287,131.14794078295438,137.1327384781017,110.49262583326954,105.92259792775435,-160.11830010185827,1,0.01740342073672815,0.6359832635983264,1101,13,0xd
464,18.01670820000072,1,17.98670820000072,0.030000000000001137,0.8019476341843014,4.461950121362025,0.18181818181818182,0.17220213140892476,0.10610372138094132,0.588565246085065,131.83375875643725,137.71496203523395,110.44675864804324,104.74102654502991,-159.67374754622912,1,0.01143000753747713,0.47280334728033474,1100,12,0xc
465,18.04626119999739,1,18.016261199997388,0.030000000000001137,0.1935976240323867,3.8477163772643,0.8787878787878788,0.9558086705390847,0.11133010929052445,4.378595671399714,132.07508703313516,138.63801903106926,110.03911034329849,105.45508013551107,-160.92576410211564,1,0.013639936070773968,0.6652719665271967,0111,7,0x7
466,18.078346499998588,1,18.048346499998587,0.030000000000001137,0.1508921553946861,4.333810258366779,0.9393939393939394,0.32057577195086556,0.15182110627979328,5.043173066708203,134.01612111057008,139.08594481502922,108.11062974275583,107.86454539402219,-154.77702858614256,1,0.009098821537530232,0.36610878661087864,0111,7,0x7
467,18.111325499998202,1,18.0813254999982,0.030000000000001137,0.10610731744627665,4.7880234229613485,1.0,0.437783776917576,0.13132665703865265,5.982144715444924,132.73065802866628,137.42090348549328,111.08923548402407,109.2791802026014,-147.8317385244522,1,0.0063207079414198,0.06903765690376569,0111,7,0x7
468,18.140762999999424,1,18.110762999999423,0.030000000000001137,0.010420546908047492,3.4504210227775105,0.8787878787878788,0.9959024293749312,0.1437098158828807,12.170602020419162,130.51404413589037,135.08338499418215,109.928724756452,123.61812598979104,-148.26933805995992,1,0.0035029049265163426,0.01882845188284519,0111,7,0x7
469,18.172302499999205,1,18.142302499999204,0.030000000000001137,0.017714112256377142,4.892383540432488,0.9393939393939394,0.609070777807432,0.12481838502624884,10.755716411890432,123.67218286386813,137.3421745732432,115.65908409542087,133.182376139035,-149.35924676320445,1,0.002962874544379618,0.0020920502092050207,0111,7,0x7
470,18.20335780000096,1,18.173357800000957,0.030000000000001137,0.12606182281844056,4.062033363453933,0.8484848484848485,0.9893827062939955,0.10989449580726476,5.522620893531461,122.69836227915407,130.53751323661402,118.05537591200799,135.21389260167092,-148.02367512251402,1,0.0019215688472568407,0.0041841004184100415,0111,7,0x7
471,18.234747599999537,1,18.204747599999536,0.030000000000001137,0.020832067465051753,4.566851309194035,0.9393939393939394,0.9836868974340066,0.10813236442051213,10.323364731816868,134.46541878951012,141.09104762534471,119.72255770618808,130.67370190077995,-149.7449388459812,1,0.0020966667563362003,0.0,0111,7,0x7
472,18.26637529999789,1,18.23637529999789,0.030000000000001137,0.07363385554812935,4.8982339322514115,1.0,0.9333119298271374,0.09835633754420184,6.956400973737327,134.86962838061882,145.70549761174505,120.61996091099317,126.38284862190403,-142.8191780803052,1,0.004451332859720468,0.1108786610878661,0111,7,0x7
473,18.29722639999818,1,18.26722639999818,0.030000000000001137,0.016749227094359092,4.793122063075863,1.0,0.9621688973132824,0.10457581856674139,10.905075107722425,132.21178478372542,148.96535813654376,138.55845995731022,129.94610236176482,-134.28800338429264,1,0.01850516852265663,0.700836820083682,0111,7,0x7
474,18.328728399999818,1,18.298728399999817,0.030000000000001137,0.2427272787790649,4.394028191350597,0.9393939393939394,0.9983991447704642,0.09163873687426279,3.775511401209819,130.34509556635925,145.54934621107483,134.47937177422813,129.31385705649345,-132.90482199641752,1,0.014562198647072436,0.6213389121338913,0111,7,0x7
475,18.359870199998113,1,18.329870199998112,0.030000000000001137,0.11119484847326544,4.583579170147591,0.9696969696969697,0.7782324136202722,0.11041206215642403,5.857256599781208,129.08202379736352,145.44879802520626,132.2948883356648,127.97068994088136,-129.40944842456952,1,0.03195501290655525,0.8430962343096234,0111,7,0x7
476,18.390901799997664,1,18.360901799997663,0.030000000000001137,0.1676790557681074,4.78592910526956,0.9090909090909091,0.49878712879092946,0.11939064367353086,4.761876024051165,134.99995236175914,145.54382432115892,129.85512350450813,126.91687851671348,-127.92544370209659,1,0.026589323781441517,0.7887029288702929,0111,7,0x7
477,18.42574120000063,1,18.39574120000063,0.030000000000001137,0.26805996764990764,4.303893123319057,0.9393939393939394,0.554977157013905,0.11783511124069702,3.5107855029707338,133.37177931129943,146.29217599163482,114.86417088000948,122.91199365932515,-129.85563752682458,1,0.019681337068682674,0.6882845188284519,0111,7,0x7
478,18.469271599999047,1,18.439271599999046,0.030000000000001137,0.436137865259994,4.232310705901586,0.5151515151515151,0.570994305446429,0.10472532413816119,2.2127916823746463,136.23416470693064,155.27079990446902,108.66353696162977,116.66427717739928,-130.43776547825402,1,0.010315125394085429,0.5439330543933054,0111,7,0x7
479,18.514751700000488,1,18.484751700000487,0.030000000000001137,0.39740981733066527,4.5441977854297395,0.8787878787878788,0.12335569134192391,0.14018504788964778,2.4607659873799888,136.48410984472287,154.86150872134388,111.76140476469214,115.82136325490413,-130.22177172532386,1,0.006353533573853727,0.1401673640167364,0110,6,0x6
480,18.561105799999496,1,18.531105799999494,0.030000000000001137,0.15285823094635353,4.43504436824537,0.9393939393939394,0.8548626910463375,0.105442176202447,5.008651686043018,136.91532123278952,150.42213485343385,119.64932377352554,118.0124419222233,-134.33742698427713,1,0.005772830435870468,0.100418410041841,0111,7,0x7
481,18.592441900000267,1,18.562441900000266,0.030000000000001137,0.33505135342057923,4.110631382287234,0.8484848484848485,0.7803886910754573,0.10234783683905527,2.9159239069667953,137.27507388827726,148.88010651625441,124.46150060518283,120.78273329797801,-135.38797815346908,1,0.007889067714592576,0.24686192468619247,0111,7,0x7
482,18.62348959999872,1,18.59348959999872,0.030000000000001137,0.6055198824025473,4.259870567999848,0.36363636363636365,0.6578826910770614,0.08819299895363203,1.3377810138406834,139.20275869196533,150.01112292689635,123.90310982580333,121.3953710877496,-135.84091382067825,1,0.002014788473880936,0.0,1101,13,0xd
483,18.655087499999354,1,18.625087499999353,0.030000000000001137,0.5211125042344398,4.782944523405791,0.8484848484848485,0.19753092902204794,0.1147774524388903,1.7381048573615654,137.65213184636616,149.84940533033918,123.52873098609858,121.83739084264904,-136.82884413581903,1,0.003481239009980002,0.0,1110,14,0xe
484,18.687155699997675,1,18.657155699997674,0.030000000000001137,0.5955161281209781,4.597918351868172,0.5757575757575758,0.17609517566914307,0.11590310693627308,1.3822048192718128,137.39145566432782,147.26528525196218,123.24995582538332,121.0141711331736,-137.64245902067663,1,0.005868752417561925,0.18619246861924685,1110,14,0xe
485,18.717690499997843,1,18.687690499997842,0.030000000000001137,0.6566880916587202,4.625047380325126,0.18181818181818182,0.12964056176438837,0.11553213132211254,1.1214563188239732,138.27256179565327,148.52922182009124,122.86673637200786,117.84336462302358,-138.09279687414715,1,0.014518570650672058,0.5167364016736402,1100,12,0xc
486,18.748984999998356,1,18.718984999998355,0.030000000000001137,0.5145942511739559,4.876436011567283,0.8484848484848485,0.3141175885495585,0.10303076822868608,1.7716708017139682,137.41839362526295,149.9975996926665,125.02739951742173,118.27055570292663,-136.57151363395565,1,0.01358790694329439,0.6799163179916318,1111,15,0xf
487,18.780697399997734,1,18.750697399997733,0.030000000000001137,0.5241391796627968,4.56484473853043,0.5151515151515151,0.024499803985926594,0.14029347816258514,1.7226613863617808,139.18363347661003,150.13941692124718,122.60203895174351,118.22526505910459,-135.62156030489984,1,0.010349745092268567,0.4895397489539749,1110,14,0xe
488,18.81188839999959,1,18.781888399999588,0.030000000000001137,0.38381605891260506,4.824774525681078,0.9393939393939394,0.3930975338322625,0.10751352174197573,2.5535782784167855,137.96436429932038,147.75393335103206,122.54339665448941,116.15720559026391,-133.61787267690957,1,0.0055495794003357106,0.11715481171548117,0111,7,0x7
489,18.843134999999165,1,18.813134999999164,0.030000000000001137,0.4621959539527883,4.074524277422628,0.3939393939393939,0.2428188020746989,0.13505469841730294,2.058043560182742,138.76410879449986,149.19045551365548,118.60277707066639,116.23362447474308,-134.41591604402302,1,0.00491565244701168,0.056485355648535567,0100,4,0x4
490,18.87573859999975,1,18.84573859999975,0.030000000000001137,0.6850658625445701,4.679506377998206,0.36363636363636365,0.4813203969713049,0.08561188771192059,1.0086407883783497,138.4100550582241,150.62018599816807,119.31510943454856,116.66546135809189,-134.0109075934442,1,0.005660221234786995,0.012552301255230125,1101,13,0xd
491,18.906156599998212,1,18.87615659999821,0.030000000000001137,0.4253541818031626,4.869206250667549,0.9090909090909091,0.5617983777882992,0.09225588248638945,2.2795549017817778,137.84229766729487,150.72999201110608,115.65266046167888,116.49508440008472,-135.66689068093675,1,0.0037156478355695644,0.0020920502092050207,0111,7,0x7
492,18.936381799998344,1,18.906381799998343,0.030000000000001137,0.03481541701513487,4.36632725063947,1.0,0.9974772692660158,0.11079980125219417,8.953853260343065,137.79622528517785,149.9570073516388,120.5103422554266,119.74347398122674,-141.11426375387595,1,0.003862050340073005,0.006276150627615063,0111,7,0x7
493,18.967804199997772,1,18.93780419999777,0.030000000000001137,0.0826185407589415,4.394607420488416,0.9393939393939394,0.8184920605722271,0.11558275594294186,6.649389757998689,139.12149573372392,151.5134449625739,116.31949064622593,119.2031098364891,-138.0493615605908,1,0.0027579991780272927,0.03138075313807531,0111,7,0x7
494,18.99873959999968,1,18.96873959999968,0.030000000000001137,0.28187162906404867,4.874162024456878,0.9393939393939394,0.9269521654634678,0.083058592773676,3.376809407389881,139.48364820520456,148.9994211109264,120.43208425700595,122.4243087850273,-135.47234868374494,1,0.0025366967605775655,0.0,0111,7,0x7
495,19.029164199997467,1,18.999164199997466,0.030000000000001137,0.3606537363317797,3.8678227492343873,0.6363636363636364,0.3172821207915217,0.14424707675842988,2.7195652269126334,138.2728476910754,146.94370166449764,119.8979337807465,120.7947098172281,-135.6453952175017,1,0.006040203103922908,0.1506276150627615,0111,7,0x7
496,19.059807899997395,1,19.029807899997394,0.030000000000001137,0.07118263450726758,4.492541452208773,0.9393939393939394,0.973933137432478,0.10527177500095825,7.046683700484653,139.41632898548488,147.36973687952815,121.09249413114881,122.05005596544605,-140.5973292286073,1,0.004434596370350536,0.07112970711297072,0111,7,0x7
497,19.091920999999274,1,19.061920999999273,0.030000000000001137,0.13804697621389853,4.883155038041355,0.9393939393939394,0.7079823301705096,0.10535518746980893,5.280429985075207,138.48627321275242,145.72738899194943,111.95109972712898,121.46893894863122,-146.61525034782022,1,0.014807125879689237,0.6297071129707112,0111,7,0x7
498,19.137814300000173,1,19.10781430000017,0.030000000000001137,0.2907846399945814,3.721809573159163,0.7575757575757576,0.7587737960655101,0.11835376449353317,3.2937929454501425,136.737696682707,149.63566349476665,116.52837860545095,123.91537460886002,-144.96368581669924,1,0.014589441238517447,0.6443514644351465,0111,7,0x7
499,19.1696222999999,1,19.1396222999999,0.030000000000001137,0.09892199497808392,4.902055181846466,1.0,0.8932273905921052,0.0980510297994474,6.1691297838436725,135.92758274436449,145.99054615173745,121.63080991818795,125.10308257716225,-138.25186447264616,1,0.007039956132469323,0.21548117154811716,0111,7,0x7
500,19.20067239999844,1,19.170672399998438,0.030000000000001137,0.2438763072236132,4.0946577102803605,0.8787878787878788,0.8345995691817858,0.10701974554695165,3.7629176528888943,136.69650064733878,146.99707521220583,119.8763522624335,122.9839543211751,-137.99295864943156,1,0.004342569099990471,0.10669456066945607,0111,7,0x7
501,19.23218590000033,1,19.20218590000033,0.030000000000001137,0.17328018482825963,4.544928849971678,0.9393939393939394,0.42654728103391465,0.13145738981019456,4.674254477559675,139.68653220823242,143.21400147902125,121.06670788092302,123.21664061633909,-135.23171689311454,1,0.0043334498341464365,0.09205020920502092,0111,7,0x7
502,19.263747799999692,1,19.23374779999969,0.030000000000001137,0.22845807194043216,4.320928347117912,0.9393939393939394,0.35275819445410345,0.13926514116486613,3.9370735415645233,137.94831121133518,142.93513649436053,124.19171259968884,123.30839344068106,-136.68377340165927,1,0.005147729179647927,0.058577405857740586,0111,7,0x7
503,19.29466609999872,1,19.26466609999872,0.030000000000001137,0.4701040866863121,4.597107750328913,0.696969696969697,0.7452277828596363,0.08478423655890166,2.012803060699127,138.10395798855652,146.16149741901793,123.0926062286695,123.91338379908387,-136.0098444574426,1,0.005161539987870646,0.006276150627615063,0111,7,0x7
504,19.342246899999736,1,19.312246899999735,0.030000000000001137,0.07760934728468825,4.5919367964420275,0.9393939393939394,0.9837294418795263,0.1018732846993225,6.816179744926297,140.26730343643416,147.17901800766407,120.49620668055645,121.8032273629454,-128.92345882744985,1,0.0018111652549850955,0.0,0111,7,0x7
505,19.388924700000643,1,19.358924700000642,0.030000000000001137,0.30906344017392307,3.6844400111324,0.8787878787878788,0.951032467453441,0.10626819880369817,3.131223240402475,139.1676278718964,145.51367095921034,126.17236225776463,124.21656902307599,-130.77323248396638,1,0.0015863795743518605,0.0,0111,7,0x7
506,19.435205699999642,1,19.40520569999964,0.030000000000001137,0.07652820108119722,4.73224898063062,0.9393939393939394,0.9527880332724996,0.10051986516546386,6.853589238658364,139.80064412285577,145.3163380873192,124.46800101864822,125.86345955536525,-138.02724415912905,1,0.0029998221751460085,0.0,0111,7,0x7
507,19.482505500000116,1,19.452505500000115,0.030000000000001137,0.12891958196223371,4.710639018628915,1.0,0.6014224092949737,0.11742248503993748,5.46284390574358,136.47033319490285,148.88368398615125,125.76142044616964,125.98242983412933,-144.74555656173806,1,0.0022077709532978412,0.0020920502092050207,0111,7,0x7
508,19.51244239999869,1,19.48244239999869,0.030000000000001137,0.28266824649165556,4.6745633183064355,0.9393939393939394,0.7805513981806771,0.09366775146295621,3.369283580987776,135.89449394498604,149.34098804351856,126.32545944193814,125.96751349755843,-148.29609710190974,1,0.0023015728786879752,0.0,0111,7,0x7
509,19.54374789999929,1,19.513747899999288,0.030000000000001137,0.012000318829271528,4.829062501572172,1.0,0.9995614254332283,0.10233442985603118,11.794192161175896,142.02446389162827,144.6783754826292,129.738932363797,127.88561166718944,-136.81887066486064,1,0.006366651434700854,0.15690376569037656,0111,7,0x7
510,19.575080099999468,1,19.545080099999467,0.030000000000001137,0.0016219512040876309,4.388695960259912,1.0,0.9904236753355485,0.11429181841103493,17.13100108675807,139.2152626549473,141.68919533932836,127.54701531214039,123.43580123482099,-148.0314074619636,1,0.03927844366614483,0.9916317991631799,0111,7,0x7
511,19.621115399997507,1,19.591115399997506,0.030000000000001137,0.0018538113026688673,3.7812710175227506,1.0,0.17629064348011075,0.2244105121130552,16.774697588036734,139.11082773446077,134.8951102805942,133.6319028388924,136.13680682810264,-157.70847515094843,1,0.0441213714383896,0.9665271966527197,0110,6,0x6
512,19.652080100000603,1,19.622080100000602,0.030000000000001137,0.00046770481554719146,4.464930952796573,0.9393939393939394,0.9504305612118737,0.11477615859488538,20.447128525478,120.18000159742341,131.43417239912617,134.2077723652337,132.47916431033144,-156.07741570474207,1,0.025085109021678646,0.8640167364016736,0111,7,0x7
513,19.68333359999815,1,19.65333359999815,0.030000000000001137,0.1563457265735434,4.566298093155358,0.9393939393939394,0.9999996284144771,0.09469305454708686,4.948494741035512,113.82233553737898,132.44710955620343,138.9680506983362,129.89327718609889,-154.0391849970473,1,0.01879264265731402,0.7615062761506276,0111,7,0x7
514,19.71398869999757,1,19.68398869999757,0.030000000000001137,0.05302029341746839,4.570184972594817,0.9393939393939394,0.8940715358612692,0.10970668789607554,7.832214784123058,119.82970331760083,132.2818571068744,143.5230510436851,131.4624052515376,-146.47094935254492,1,0.03336041552162383,0.8326359832635983,0111,7,0x7
515,19.744846499997948,1,19.714846499997947,0.030000000000001137,3.422888923071742e-05,4.518751755603226,1.0,0.9999999937736747,0.11064623921367779,27.419841482979308,132.50248296714435,138.47391288919152,135.6656257353995,137.53682946901773,-166.1082569200044,1,0.029211155240345767,0.7468619246861925,0111,7,0x7
516,19.776289800000086,1,19.746289800000085,0.030000000000001137,0.10225580404905558,3.3104507710159976,0.8787878787878788,0.9999999989196208,0.13702520998232376,6.08074059294445,118.0855204334932,135.96972464140228,135.1932762583515,136.6600289493979,-165.2878642477059,1,0.03096517024589129,0.7196652719665272,0111,7,0x7
517,19.80703309999808,1,19.77703309999808,0.030000000000001137,7.513301339624361e-05,4.7335785431447075,0.9393939393939394,0.9999999912082047,0.1056203956386056,25.323334675448113,117.20465262165865,143.6263429217407,132.0375461855172,140.110096470444,-166.8548280864652,1,0.010018933837852332,0.4309623430962343,0111,7,0x7
518,19.838962699999684,1,19.808962699999682,0.030000000000001137,0.003881496739774017,4.767724241191949,0.9393939393939394,0.9999459781876564,0.10446917311341009,14.804091845489044,118.15856986717492,138.19611360347744,134.75135995519935,139.19077369883578,-161.4344104050015,1,0.009441314792889826,0.42887029288702927,0111,7,0x7
519,19.871807999999874,1,19.841807999999872,0.030000000000001137,0.039514872764459884,4.170670425191916,0.9393939393939394,0.9959000820673928,0.11556454780186054,8.616208406027777,121.98655861255583,135.87168407532417,133.82259389863484,139.11968516740075,-166.27586820857968,1,0.007303776444002135,0.2928870292887029,0111,7,0x7
520,19.901384799999505,1,19.871384799999504,0.030000000000001137,0.1941768496620624,4.796436207535847,0.8181818181818182,0.9717498869455857,0.08854435016817397,4.370629170597385,122.01408658433854,135.05646887337295,137.04920774816333,140.26287129734158,-163.16823322465038,1,0.009801480859000285,0.46443514644351463,0111,7,0x7
521,19.932619799998065,1,19.902619799998064,0.030000000000001137,0.02001638971365906,3.0719111984174283,0.9393939393939394,0.9953385747472687,0.15994386785450396,10.429876947573616,134.7162182626029,157.9651644414935,139.90360594391865,140.76885734925153,-161.76432907355655,1,0.009822924229542451,0.36401673640167365,0111,7,0x7
522,19.964001799999096,1,19.934001799999095,0.030000000000001137,0.0025656762069774346,3.4447361310081086,0.9393939393939394,0.9916811605007093,0.14538225214638148,15.908088551071494,113.096072037069,140.46616881029433,137.62133430222718,138.78166180924774,-170.45638992538596,1,0.011362582679109412,0.4100418410041841,0111,7,0x7
523,19.99525999999969,1,19.965259999999688,0.030000000000001137,0.00316094459487516,4.214907348913935,1.0,0.2712368810431791,0.18604365698372005,15.351691662993755,111.75628554867822,139.28175201620508,144.54427024973066,137.28863963458448,-154.9642662863624,1,0.015132945652878859,0.497907949790795,0110,6,0x6
524,20.027553799998714,1,19.997553799998713,0.030000000000001137,0.14517344256363626,4.607307310426956,0.9393939393939394,0.9999260690143698,0.09476928624472764,5.146202922064954,110.07038660113189,135.58818553400874,146.8519015208584,139.77719806435286,-158.24744074863239,1,0.006303544262403028,0.14853556485355648,0111,7,0x7
525,20.05911829999968,1,20.02911829999968,0.030000000000001137,0.03749965664963978,4.4187208376749645,1.0,0.9473004855192376,0.11201662959290344,8.755796005485786,120.63354966801982,149.48355990420103,146.18743725373554,142.06494501847268,-165.02460757491215,1,0.005486879009637438,0.01882845188284519,0111,7,0x7
526,20.09127499999886,1,20.061274999998858,0.030000000000001137,7.763610989459193e-06,3.739905138071026,0.9393939393939394,0.9999999996999959,0.13369219267351018,31.37616799549241,130.1916301833118,156.12149498406285,153.10738495912605,135.95180874780888,-152.36202863149404,1,0.0038896619647802925,0.04811715481171548,0111,7,0x7
527,20.123877699999866,1,20.093877699999865,0.030000000000001137,0.2965123848129046,4.727500351553332,0.8787878787878788,0.999999999998791,0.08157587951221838,3.2417767770399855,132.88456127312654,156.21605168287334,156.45102762244565,140.12503636969578,-154.9106037937845,1,0.00974954185246358,0.4665271966527197,0111,7,0x7
528,20.156172399998468,1,20.126172399998467,0.030000000000001137,0.06774581944306073,4.3452636802283235,0.9393939393939394,0.9617282824042075,0.10986949576556976,7.178646738036203,134.773383147295,157.00026375491888,158.40691869410333,149.39101585775705,-150.56098858004344,1,0.003987240982187809,0.008368200836820083,0111,7,0x7
529,20.187416900000244,1,20.157416900000243,0.030000000000001137,0.02342277394431758,3.416915452794738,0.9393939393939394,0.8887766085679975,0.1514014709293996,10.010790625149342,138.18289757230716,166.22608369714177,150.75955851086385,151.41871832613458,-149.71961363255875,1,0.004135035726700671,0.03347280334728033,0111,7,0x7
530,20.21885259999908,1,20.18885259999908,0.030000000000001137,0.1562704047475358,4.18757019933324,0.9393939393939394,0.9874015668874424,0.10391849819286017,4.949779756020023,138.16782885296698,163.2697466515751,156.14301565639084,150.56215527802397,-154.4927899653154,1,0.0031705073250884543,0.0,0111,7,0x7
531,20.25102709999919,1,20.22102709999919,0.030000000000001137,0.03809538947576829,4.510044276725423,0.9393939393939394,0.9546690263457001,0.10927195195794413,8.713765374150631,143.48521611158066,158.7252570064331,159.59520271130364,151.95308716814367,-157.2086681374127,1,0.00897295373142108,0.35564853556485354,0111,7,0x7
532,20.28295849999995,1,20.25295849999995,0.030000000000001137,0.018163900144458962,4.592852310915341,0.9393939393939394,0.7563126444109186,0.12175813771234181,10.688851101876379,149.7406499831164,174.48006065255754,155.54163658170444,152.20782557885218,-153.45147805919936,1,0.0030768692940892368,0.0,0111,7,0x7
533,20.31408889999875,1,20.28408889999875,0.030000000000001137,0.16846673593583764,4.346512171091039,0.9393939393939394,0.9947469967283818,0.0987085850937156,4.749378564058206,147.3436726989712,172.4953732788125,159.4022310273676,154.36497269843983,-148.4105777921518,1,0.0032255815516813663,0.0,0111,7,0x7
534,20.345563599999878,1,20.315563599999876,0.030000000000001137,0.025037090894335323,3.6913690904995535,0.9393939393939394,0.9876822090463578,0.13296152803491104,9.833058447574846,146.53245318351367,162.7869118214013,162.25511641494074,156.2649482039347,-150.10972365919787,1,0.007223532169841938,0.3117154811715481,0111,7,0x7
535,20.375355899999704,1,20.345355899999703,0.030000000000001137,0.0839069402164122,4.6761428565632395,0.9393939393939394,0.9235237070758158,0.10257055116911004,6.608125196879298,137.35359611719375,170.291231594683,163.25647224141656,153.96088067576667,-156.13407599281274,1,0.004515966022462169,0.012552301255230125,0111,7,0x7
536,20.406485100000282,1,20.37648510000028,0.030000000000001137,0.016729001786910423,4.35562980092979,0.9393939393939394,0.9732307062179111,0.11443686783809805,10.908297151513885,135.55520211628956,156.52544585803236,160.6072202588993,149.130488883683,-150.1257240950379,1,0.003939313341477342,0.060669456066945605,0111,7,0x7
537,20.43789459999971,1,20.407894599999707,0.030000000000001137,0.003780159782323567,4.399978999572158,1.0,0.9628190392319081,0.11535343380349117,14.874637332767547,132.8922748757984,151.2806217082825,157.1806396032022,143.05077859213378,-159.53678039114908,1,0.0070365396210189946,0.28661087866108786,0111,7,0x7
538,20.485427699997672,1,20.45542769999767,0.030000000000001137,0.1332403192636918,3.907629733611777,0.9393939393939394,0.9998502628855209,0.1129190191931418,5.374935652011882,133.6273005405016,150.63470949569296,150.32790356108848,141.56243216524402,-157.55512700811144,1,0.005144773164331918,0.09205020920502092,0111,7,0x7
539,20.516315400000167,1,20.486315400000166,0.030000000000001137,0.3090852724452019,4.790350806125755,0.9090909090909091,0.8082462575275127,0.08818752807520085,3.131034873464512,134.00821616315116,147.59008931054927,145.66069647049324,140.60710647353315,-157.73722732261467,1,0.0023907388697475447,0.0,0111,7,0x7
540,20.547813799999858,1,20.517813799999857,0.030000000000001137,0.14340902845141645,4.111994577937365,0.9090909090909091,0.7714455760925512,0.12006544517150414,5.178811714363166,135.10710550589312,150.72421543725557,144.11441686121265,141.5473499360301,-156.9168034210862,1,0.005501362686478427,0.0899581589958159,0111,7,0x7
541,20.57897089999824,1,20.54897089999824,0.030000000000001137,0.14551038759076562,4.258280566914818,0.9090909090909091,0.0193930220735207,0.2011060052128369,5.140020806779828,130.21303199368054,151.81904028704184,143.68993877617635,142.15266608460715,-157.20126698623974,1,0.007565626709883481,0.32217573221757323,0110,6,0x6
542,20.610619499999302,1,20.5806194999993,0.030000000000001137,0.23177376366275218,3.927370991833604,0.8181818181818182,0.5516052608552597,0.13322504603666976,3.898649439243709,132.20185401907918,149.71441510034194,141.62654271543468,139.8911847056411,-156.15043387628788,1,0.008107545795728636,0.3054393305439331,0111,7,0x7
543,20.641959799999313,1,20.611959799999312,0.030000000000001137,0.24216394369995425,4.349907034133133,0.9393939393939394,0.058404404270664116,0.1748595947097701,3.781707543700551,131.34501216755874,147.14305581061092,143.72834316130974,139.55039862919637,-154.91493194817082,1,0.008332885089803463,0.27405857740585776,0110,6,0x6
544,20.673356299997977,1,20.643356299997976,0.030000000000001137,0.10106704473910205,4.336802473215968,0.9393939393939394,0.8226975116687373,0.11489522847772936,6.111923128177841,130.6503665203093,148.66815919805867,141.77380075573672,138.915246870707,-154.50773255081472,1,0.005304818406971303,0.04602510460251046,0111,7,0x7
545,20.705573999999615,1,20.675573999999614,0.030000000000001137,0.02954548256210791,4.101209974549133,0.9393939393939394,0.9274452087866139,0.1228741188438385,9.39153178985367,132.1492070806272,141.0575117030421,142.7267081005644,141.39651442856407,-163.2592182749926,1,0.005418258849594573,0.13598326359832635,0111,7,0x7
546,20.73600670000087,1,20.70600670000087,0.030000000000001137,0.07611434548014771,4.13855158850157,0.9090909090909091,0.8515434292316726,0.12127165450703421,6.868049396264882,132.20518146065288,146.85936130794775,141.4444538599109,140.3826798446051,-165.33279170093599,1,0.00710349490500312,0.20502092050209206,0111,7,0x7
547,20.767256799997995,1,20.737256799997994,0.030000000000001137,0.23339093590087065,3.844450880852179,0.7272727272727273,0.9040527790421812,0.11076076546468733,3.8801077198056673,132.01961285858818,144.39830627969855,143.96701823594123,141.0999170370142,-162.93695179259527,1,0.010892432678385404,0.5125523012552301,0111,7,0x7
548,20.797622899997805,1,20.767622899997804,0.030000000000001137,0.3767243047151209,4.638252646914262,0.696969696969697,0.5638080085329461,0.10014175229801157,2.6033110567541895,128.92476286006936,146.94352124005437,141.9994387787519,141.40824185790885,-166.45850232863828,1,0.007052863433610168,0.19665271966527198,0111,7,0x7
549,20.829443999999057,1,20.799443999999056,0.030000000000001137,0.1935774913154952,4.31101017805723,0.9393939393939394,0.7102959803676534,0.11363158292138328,4.378872999373358,130.50444043995512,146.6395022502597,141.7035852694787,140.48700121339917,-163.027564289218,1,0.005498794607150852,0.13179916317991633,0111,7,0x7
550,20.860696399999142,1,20.83069639999914,0.030000000000001137,0.11785083274367351,4.276037723208133,0.9393939393939394,0.579478773233967,0.1324527024422306,5.702228222647291,135.4341741077284,146.6956080034869,140.19589468083024,140.38236982047002,-160.46346107738546,1,0.0045045260022822395,0.02301255230125523,0111,7,0x7
551,20.89293120000002,1,20.86293120000002,0.030000000000001137,0.21829967982076978,4.646644784565249,0.9393939393939394,0.6761201274689181,0.10539044900714899,4.058363952322496,138.39384723758718,147.48074265872734,141.46328252954308,140.8425385601988,-155.51903247945552,1,0.00706036854876692,0.11715481171548117,0111,7,0x7
552,20.923505299997487,1,20.893505299997486,0.030000000000001137,0.09612636866172308,3.697121410888673,0.8787878787878788,0.798190809317509,0.13722710086044074,6.245577634411142,128.12218791663875,146.95155944935348,142.40079074798496,141.99934525948572,-157.87913432108195,1,0.007994623332437343,0.2698744769874477,0111,7,0x7
553,20.954071699998167,1,20.924071699998166,0.030000000000001137,0.19841188711855592,4.179796954204293,0.5151515151515151,0.7470481783185232,0.11427042035566068,4.31309378937081,125.16725989025018,153.9162015796467,139.420205797435,139.95544656721228,-158.26145180979603,1,0.005940444247014015,0.043933054393305436,0111,7,0x7
554,20.988026799997897,1,20.958026799997896,0.030000000000001137,0.23640038892957232,3.6896947224849796,0.8787878787878788,0.22941867985834827,0.17829970491572011,3.8459422619555617,125.27602058997094,150.70165525725088,140.82793559979115,141.69184647558683,-156.4306298189123,1,0.005817288187134811,0.07531380753138076,0110,6,0x6
555,21.019137999999657,1,20.989137999999656,0.030000000000001137,0.27268646339484975,4.779316136257449,0.9393939393939394,0.18812657103403949,0.13837260212684785,3.465153678787767,120.5283769894742,149.58556906035787,139.89356094488824,141.53644459940884,-157.87324819260695,1,0.005321909745532289,0.058577405857740586,0110,6,0x6
556,21.063688199999888,1,21.033688199999887,0.030000000000001137,0.49371260544966883,3.769258940586684,0.3333333333333333,0.659262412055065,0.10704389547429122,1.8821378704880485,124.76251284165618,156.49408447610236,140.0746514332708,140.66485589081816,-158.55822115449573,1,0.003002886951822941,0.01882845188284519,0101,5,0x5
557,21.110652699997445,1,21.080652699997444,0.030000000000001137,0.5721210737486431,3.721039258725625,0.36363636363636365,0.1940376628336611,0.14316331066207008,1.4890790469545796,127.40352160900275,155.0422016105203,139.4389340160484,140.20934477137848,-159.80504711813612,1,0.004604578386435791,0.0,1100,12,0xc
558,21.14233229999809,1,21.112332299998087,0.030000000000001137,0.20199653038629936,4.27470790600785,0.5454545454545454,0.8827595613953204,0.10337022932101071,4.26534602142356,126.07535964336824,159.5472715209062,137.105669999436,139.33873160696385,-163.82396827228993,1,0.0022436011755273487,0.0041841004184100415,0111,7,0x7
559,21.174755500000174,1,21.144755500000173,0.030000000000001137,0.20535134532621357,3.0662789088918503,0.9090909090909091,0.02195896388891919,0.26475320728242263,4.22142103258496,123.10839957664959,151.90409012403467,138.26736134835647,139.12134410915272,-161.10047498917223,1,0.0024928586528203925,0.0,0110,6,0x6
560,21.220022499997867,1,21.190022499997866,0.030000000000001137,0.12386871211920078,4.294683307458662,0.9393939393939394,0.5876050605734461,0.1305000867433623,5.569421460014919,122.40101647724177,154.52706961455283,138.59508577689053,138.91385168998457,-158.7340666162746,1,0.001463854453929607,0.0,0111,7,0x7
561,21.252703800000745,1,21.222703800000744,0.030000000000001137,0.2276797817389674,4.828568521760397,0.9393939393939394,0.670485122559939,0.10098430604679244,3.946173608724468,122.7665600224179,152.27870067673118,140.74215121191344,139.5443704046255,-152.87898751801518,1,0.001978775617177988,0.0,0111,7,0x7
562,21.282983799999784,1,21.252983799999782,0.030000000000001137,0.1357397830557937,4.049511741069219,0.9393939393939394,0.5977253856538652,0.1360869131970504,5.325374895843093,118.05726107077041,155.12612661488552,147.80265068395525,139.6103236939217,-156.23453462610794,1,0.005107783768604183,0.043933054393305436,0111,7,0x7
563,21.313913300000422,1,21.28391330000042,0.030000000000001137,0.24773604722295442,4.643303514954613,0.9393939393939394,0.6652456904591718,0.10365061583001146,3.721043800874173,117.83996013290866,143.84396734736202,147.47400134196084,138.83946394655055,-151.59301878835774,1,0.003696511672737432,0.0,0111,7,0x7
564,21.344378899997537,1,21.314378899997536,0.030000000000001137,0.1746572260539152,4.714681048631545,0.9393939393939394,0.4350033618767498,0.12582982977386767,4.653146490932002,120.23073515274854,136.94807008255043,148.80467656465126,139.10010417289894,-156.03724989660643,1,0.004099932294053561,0.02092050209205021,0111,7,0x7
565,21.375739299997804,1,21.345739299997803,0.030000000000001137,0.007808639483583081,4.092719381509445,0.9393939393939394,0.9994965486655188,0.12125210753056756,12.940065419069919,112.06523095314982,144.65311781155705,145.30231805558188,140.65384378262374,-164.98321055538892,1,0.004070636038141801,0.008368200836820083,0111,7,0x7
566,21.408492999998998,1,21.378492999998997,0.030000000000001137,0.14786232165155902,4.53504580879591,0.9393939393939394,0.999215173227212,0.09608796195458126,5.097263192769532,116.90010415095844,148.04695595493556,146.03100500330956,140.15361533848937,-163.195181548318,1,0.006511684310412317,0.1297071129707113,0111,7,0x7
567,21.437534299999243,1,21.40753429999924,0.030000000000001137,0.1467250888538855,4.084429992524419,0.9090909090909091,0.010294155911772395,0.21133011441785068,5.117852231884691,128.78402845500077,145.03716096547,146.7306170496282,139.47987730486918,-158.57455771449253,1,0.004423306684570449,0.010460251046025104,0110,6,0x6
568,21.46818639999765,1,21.438186399997647,0.030000000000001137,0.20404718652971687,2.976394120838374,0.42424242424242425,0.41341296671249156,0.19742265290111016,4.238410680978316,115.0768470066948,150.37419209772958,142.78248735955998,139.21123817296186,-159.6151962006288,1,0.003618110815410191,0.010460251046025104,0111,7,0x7
569,21.499592299998767,1,21.469592299998766,0.030000000000001137,0.5722007206468582,3.3665147437853973,0.21212121212121213,0.8797931307335348,0.10050818487650133,1.4887078371603468,121.28332092965047,149.0145194224596,144.4763788368543,139.29124132943878,-159.8689560295529,1,0.0031687857556728038,0.029288702928870293,1101,13,0xd
570,21.531955099999323,1,21.50195509999932,0.030000000000001137,0.6036490380152737,3.0222734054427,0.24242424242424243,0.07121673420690125,0.19261032935709507,1.3460328341823655,110.64662526539715,148.48228437303968,145.65512865317393,138.9129461742982,-160.6268378290619,1,0.00789670050778446,0.25732217573221755,1100,12,0xc
571,21.563380600000528,1,21.533380600000527,0.030000000000001137,0.00807676385679594,3.3227997987720435,0.9393939393939394,0.9999798209860441,0.14927140009087517,12.85003733186238,116.51978794695754,165.04896985592586,139.22901405592478,135.01653327646545,-165.28876519800443,1,0.0025112988189874273,0.0,0111,7,0x7
572,21.594788399997924,1,21.564788399997923,0.030000000000001137,0.035206911901158634,4.083783986445565,0.9393939393939394,0.9613182068402948,0.12060408420285552,8.924034279535608,119.04795304010138,159.97335633484064,138.28955897493162,133.466741757574,-157.9374891394937,1,0.0022624247205434503,0.0,0111,7,0x7
573,21.626298700000916,1,21.596298700000915,0.030000000000001137,0.30111142698519694,4.378042108888529,0.8181818181818182,0.99348349845754,0.08806288913126994,3.2007330491114274,121.40053822291719,156.85096104006115,138.7580420645892,136.399171081921,-160.1210800712608,1,0.0030997008748889082,0.0,0111,7,0x7
574,21.65718299999935,1,21.62718299999935,0.030000000000001137,0.3315781398667866,2.9572904925591126,0.45454545454545453,0.1278080055155243,0.22516671044018624,2.9437114162513778,121.80162239492948,152.83589599436633,140.46008998158118,137.11018143041804,-160.42557956855268,1,0.0044955781821709815,0.07531380753138076,0110,6,0x6
575,21.688953900000342,1,21.65895390000034,0.030000000000001137,0.1903228973755619,4.2606563221212905,0.9090909090909091,0.6292590619750918,0.12102318071737017,4.424088505061635,128.3046197510468,150.57321563290378,136.73139503511612,132.60302677259878,-160.01966294588928,1,0.003780493891110082,0.03347280334728033,0111,7,0x7
576,21.721902400000545,1,21.691902400000544,0.030000000000001137,0.06392422003637559,4.137920557406247,0.9393939393939394,0.8966180005725318,0.11976427443450875,7.333485224291109,131.33828820785794,156.6095274081593,136.0776449444463,130.620177932667,-158.36839656732002,1,0.0024662496733333693,0.008368200836820083,0111,7,0x7
577,21.752807000000757,1,21.722807000000756,0.030000000000001137,0.46596007509860904,3.895261147491587,0.8181818181818182,0.990037403929542,0.08799946644713103,2.0364141980823924,131.5273556076518,155.84094120359367,134.05697396660509,130.73288586244848,-159.252774583471,1,0.0025838692181594735,0.0,0111,7,0x7
578,21.784876800000347,1,21.754876800000346,0.030000000000001137,0.10433310278317011,4.518904158309683,0.9393939393939394,0.9636974591874194,0.10204511063264894,6.027110898289128,138.8572098148629,156.51677006461472,131.87512030558472,129.07749123901561,-164.11588567661184,1,0.001448633496245979,0.0,0111,7,0x7
579,21.813684699998703,1,21.7836846999987,0.030000000000001137,0.01729126443329113,4.276173135811935,0.9393939393939394,0.9835616565745957,0.11589206450187793,10.820143602823935,140.78417030650192,154.13560884511185,140.22812010917863,130.2086171372687,-154.52341335352725,1,0.005381474159523036,0.13179916317991633,0111,7,0x7
580,21.850879800000257,1,21.820879800000256,0.030000000000001137,0.27895272875822175,4.2023264012842025,0.7575757575757576,0.9987971123049394,0.09308656659614042,3.4045678466397002,140.9579443793907,148.36925781133235,144.10070683106304,131.8571197256421,-155.22280757264835,1,0.003577927226868396,0.0,0111,7,0x7
581,21.893283800000063,1,21.86328380000006,0.030000000000001137,0.26206484388458434,4.019288609698519,0.8787878787878788,0.08307524699260159,0.18201639480855436,3.5711021602675204,144.44111274357928,154.47745090999734,142.70927743412275,131.13676744388326,-154.266547013469,1,0.005455404940359828,0.07322175732217573,0110,6,0x6
582,21.924225700000534,1,21.894225700000533,0.030000000000001137,0.0920967130712043,4.39450111213614,0.9393939393939394,0.8841214117325926,0.1105911658061827,6.3597760668066465,143.93319001998105,154.9887386612773,140.7055213142954,126.87916425665804,-161.09739236097099,1,0.006693793026051326,0.20292887029288703,0111,7,0x7
583,21.95533439999781,1,21.92533439999781,0.030000000000001137,0.27537332354337224,4.754420573579928,0.9393939393939394,0.8977272727570189,0.0869023009593564,3.439006831419584,141.19859802975427,154.299318332647,141.59203155912982,128.1455700667341,-156.28525252732,1,0.006358899751087678,0.12133891213389121,0111,7,0x7
584,21.98649369999839,1,21.95649369999839,0.030000000000001137,0.17558566115217142,3.1414578185882425,0.42424242424242425,0.5370502270018189,0.17616775813978083,4.639008686463817,140.55898485612644,147.48346648050946,144.50956514666714,130.2388966307875,-157.12630047734254,1,0.004437101338766336,0.04602510460251046,0111,7,0x7
585,22.016808599997603,1,21.9868085999976,0.030000000000001137,0.20614321176671005,4.394097279710135,0.9393939393939394,0.21072075988196828,0.15584305977963886,4.21115773062125,140.4674701084952,146.9343167508046,133.38787557217677,129.99135853995276,-158.4569994414423,1,0.003427755366621571,0.010460251046025104,0110,6,0x6
586,22.062238899998192,1,22.03223889999819,0.030000000000001137,0.01191977881105102,4.796630914895803,0.9393939393939394,0.9990005892627809,0.10306345352318619,11.812149796364835,136.78579582533945,146.48591712639885,133.73123171233703,127.07736778757,-149.24274644413032,1,0.002937866545225406,0.010460251046025104,0111,7,0x7
587,22.095438299998932,1,22.06543829999893,0.030000000000001137,0.2959748600311423,4.091977654600988,0.7272727272727273,0.9996189491769072,0.09430243913940169,3.246615361579218,133.5802418787733,142.03743519749258,131.4783001338603,127.63505842817594,-149.69129752820746,1,0.004737213887990823,0.03347280334728033,0111,7,0x7
588,22.12620859999879,1,22.09620859999879,0.030000000000001137,0.07365448376235473,4.626308439826464,0.9393939393939394,0.9521697602988732,0.10312959032797207,6.955654022934773,133.17344832292181,143.62441350574989,130.44873925135025,127.85937249800466,-144.5577425670154,1,0.005551618757963673,0.07112970711297072,0111,7,0x7
589,22.156860600000073,1,22.12686060000007,0.030000000000001137,0.15012109501561224,4.281707573361152,0.9393939393939394,0.7395156770880419,0.11673768607445428,5.056834694595151,132.13895220692888,143.21543070695782,125.48068015842304,129.1066251344424,-142.65430056068436,1,0.006518150072955588,0.14225941422594143,0111,7,0x7
590,22.188168500000756,1,22.158168500000755,0.030000000000001137,0.0904562275294591,4.718981722027978,0.9393939393939394,0.5885436161601948,0.1223331966006325,6.407704583977755,132.9935334099568,147.84129292587238,120.1002822127798,124.59803750152135,-147.93577579880937,1,0.007414119316118437,0.1589958158995816,0111,7,0x7
591,22.219857000000047,1,22.189857000000046,0.030000000000001137,0.4220533979402533,4.052473993936929,0.8484848484848485,0.967630714405681,0.088190187482456,2.3003291667935404,133.34975869965987,150.11663563853526,120.919460587402,125.32322167835623,-150.04578826810067,1,0.004990787484290727,0.08158995815899582,0111,7,0x7
592,22.25022109999918,1,22.22022109999918,0.030000000000001137,0.14822035718134366,4.576476937719628,0.9393939393939394,0.884318931896051,0.10099248720044852,5.090813900417177,134.86591672315856,149.39834727404866,114.6993312737831,125.72858374481429,-155.0621250347038,1,0.003982297673974366,0.060669456066945605,0111,7,0x7
593,22.299682000000757,1,22.269682000000756,0.030000000000001137,0.2153156516453231,4.0076742536927945,0.8181818181818182,0.46044303624942606,0.1405833448547359,4.095067147576711,134.30273105460594,150.52811750136948,116.51970106594851,127.02401537205878,-153.75640721818888,1,0.0035208978345837062,0.05230125523012552,0111,7,0x7
594,22.32949799999915,1,22.299497999999147,0.030000000000001137,0.24980531684237023,4.486662914528395,0.9393939393939394,0.19555094244057683,0.149164715456917,3.698862392320315,135.490060810258,147.69227059235408,117.07660894940503,126.84584247550518,-156.43290623184058,1,0.002647759563107531,0.014644351464435146,0110,6,0x6
595,22.359914599997865,1,22.329914599997863,0.030000000000001137,0.11402427935263416,4.5465670839254235,0.9393939393939394,0.7801266208996539,0.11091003583403924,5.79025033729707,137.94189215600358,149.70867822098649,112.95699626904297,125.03216897157631,-157.334960361283,1,0.010285393179533833,0.4686192468619247,0111,7,0x7
596,22.39141709999967,1,22.36141709999967,0.030000000000001137,0.17373591497904584,3.8242198231431987,0.8787878787878788,0.5090895367060511,0.1476290244885508,4.6672503005117445,135.96020075744264,147.763978576731,117.35319152889993,126.9324136057117,-155.09977501571464,1,0.007305994304106423,0.27405857740585776,0111,7,0x7
597,22.42941029999929,1,22.39941029999929,0.030000000000001137,0.2690108131441267,3.2971134402961613,0.696969696969697,0.5248088140330925,0.15674200357133586,3.501343207003571,130.73340533191578,156.45977507404336,121.95893233493915,127.93010116923172,-153.77108535854623,1,0.004885499743332116,0.058577405857740586,0111,7,0x7
598,22.467624000000797,1,22.437624000000795,0.030000000000001137,0.6260141723701002,3.9943300734533467,0.2727272727272727,0.8097015899872416,0.08507946597890734,1.2490193828518452,129.3520494352546,156.48841963605167,123.82414460726125,128.0147178898419,-152.36203394737188,1,0.0024651972143550425,0.0,1101,13,0xd
599,22.49850040000092,1,22.46850040000092,0.030000000000001137,0.16120451220275425,3.155285925859606,0.6666666666666666,0.9477232409025355,0.14012812745685657,4.866883887917514,135.73139930418256,149.39698621106635,121.93925443589747,127.10549221337939,-152.07061234158192,1,0.005593412732337086,0.0899581589958159,0111,7,0x7
600,22.541700599998876,1,22.511700599998875,0.030000000000001137,0.17339576103111276,4.503518295903909,0.9393939393939394,0.09689873652525482,0.17251903386426562,4.672476429658124,138.32258407906315,154.38946414602185,121.67695188718366,129.03368926752447,-157.59085239236893,1,0.0019427987713665717,0.0,0110,6,0x6
601,22.577509299997473,1,22.547509299997472,0.030000000000001137,0.1364741901901719,3.865210830362369,0.8787878787878788,0.30883295676492917,0.17393341059334919,5.310986040243594,132.87771340092095,154.73362937887526,123.68639109963446,130.99792607594114,-156.244005391953,1,0.0010331222762940484,0.0,0111,7,0x7
602,22.60954209999909,1,22.579542099999088,0.030000000000001137,0.01645373951556541,4.014757611292535,0.9393939393939394,0.9929303751143004,0.12295917070910432,10.952540003816242,128.83027521062826,159.68519662298118,124.75327676403977,129.37489128544442,-153.12712262592942,1,0.0014171479359069994,0.0,0111,7,0x7
603,22.640900700000202,1,22.6109007000002,0.030000000000001137,0.40887124604584324,4.3785436494828875,0.5454545454545454,0.9996197327932459,0.08106839913073018,2.3849465982498863,127.74156288110628,153.24659606245385,124.11828093918908,127.8427357105932,-152.1302910089144,1,0.005290084091888122,0.07112970711297072,0111,7,0x7
604,22.672066799997992,1,22.64206679999799,0.030000000000001137,0.0038737245631921885,4.32401136630517,0.9393939393939394,0.9999919621351908,0.11518762814521928,14.809436840905002,127.37854847641536,150.4950474485494,129.29442293441824,131.90729442995806,-158.27391199574635,1,0.0031333312133984175,0.0,0111,7,0x7
605,22.702841099999205,1,22.672841099999204,0.030000000000001137,0.013143965199891841,4.4714656974517695,0.9393939393939394,0.9259183298378337,0.1146148969070704,11.551446788945603,129.0924541201259,157.34396775930378,127.29718488117948,128.12143376112016,-154.5330846227941,1,0.0036305865040086186,0.02301255230125523,0111,7,0x7
606,22.733402199999546,1,22.703402199999545,0.030000000000001137,0.010043656087419466,4.290587433014729,0.9393939393939394,0.34406436980685745,0.1716813145309373,12.268837543659368,130.1389778160413,154.63204337410383,135.17701307161857,133.7198208935738,-149.14884343060044,1,0.0066249631911068085,0.22384937238493724,0111,7,0x7
607,22.766157199999725,1,22.736157199999724,0.030000000000001137,0.009318923079721672,3.8716578811267377,0.9393939393939394,0.09952823156816236,0.2327384971372245,12.468555216925044,137.34078778885052,144.59901383363092,123.12164639983521,126.34336653898922,-146.5432793038338,1,0.001882749071764733,0.010460251046025104,0110,6,0x6
608,22.797376300000906,1,22.767376300000905,0.030000000000001137,0.09840815554009698,4.547427260695988,0.9393939393939394,0.9962808188894297,0.10028797364676126,6.183017591608729,138.1099794213116,146.04836161889946,115.34581848764796,125.07579546591973,-152.8803890938676,1,0.002723974989811914,0.02301255230125523,0111,7,0x7
609,22.82724489999964,1,22.79724489999964,0.030000000000001137,0.00451151011985908,2.9282420102693427,0.9090909090909091,0.9994617029405144,0.17002979271349355,14.402995582418367,133.42712806210682,147.12843755768154,132.68729429730067,131.77855309538143,-151.65653349072312,1,0.0076056436090758415,0.19665271966527198,0111,7,0x7
610,22.85938460000034,1,22.82938460000034,0.030000000000001137,0.07194806632105716,4.30894993849838,0.9393939393939394,0.9987595820252124,0.10831640752957473,7.0181619235338815,136.58981661738886,150.5093719853206,125.91700552835773,128.41307040860457,-156.37941336659506,1,0.0077257916637503655,0.26569037656903766,0111,7,0x7
611,22.888651699999173,1,22.85865169999917,0.030000000000001137,0.0030965463959424858,4.564176413510218,0.9393939393939394,0.9995451301853534,0.10923545746933482,15.406580944929184,134.99141350961042,154.21649910796586,118.25620843774047,123.9646049252423,-153.93648233150384,1,0.005623530160542865,0.11506276150627615,0111,7,0x7
612,22.920037399999273,1,22.890037399999272,0.030000000000001137,0.23419881372494322,3.9898436602181424,0.8484848484848485,0.9999804502975408,0.10153908521354962,3.8708930481428485,134.52167232986696,151.15296187579352,122.79831342214096,124.70588395593141,-153.8108468629095,1,0.00532842957207312,0.08158995815899582,0111,7,0x7
613,22.951238999998168,1,22.921238999998167,0.030000000000001137,0.04617564194826963,3.988971197715594,1.0,0.9740049746525645,0.12139093388457171,8.200807601296434,133.8583240020242,150.97691375846193,124.52177621189065,122.6500230642354,-148.73920195124805,1,0.0036893346083985636,0.012552301255230125,0111,7,0x7
614,22.982074999999895,1,22.952074999999894,0.030000000000001137,0.480460322042003,3.406076826433795,0.3333333333333333,0.9961315505230166,0.09934811447179767,1.9546950143381217,135.25011274003143,149.29580127723148,126.32592751140837,124.75275912154108,-149.27663725048325,1,0.004756760760545925,0.04811715481171548,0101,5,0x5
615,23.01354369999899,1,22.98354369999899,0.030000000000001137,0.007520465960547592,4.6117950688393154,0.9393939393939394,0.9999693387919182,0.10761003805172743,13.040339146936121,131.24255275697772,151.05873502536795,129.31808059947883,130.28207601649984,-149.2744251658143,1,0.004387554285180431,0.029288702928870293,0111,7,0x7
616,23.051488999997673,1,23.021488999997672,0.030000000000001137,0.011273087792998312,4.600598259349414,0.9393939393939394,0.4927761645430833,0.14398675604708014,11.960898680132681,133.02519441479154,155.86501088106635,121.12329039976268,123.13798146719937,-151.9130393702878,1,0.0013101243126816728,0.0,0111,7,0x7
617,23.091427499999554,1,23.061427499999553,0.030000000000001137,0.06566572092022888,4.546854872999097,0.9393939393939394,0.981957139739488,0.10412946876491105,7.261808643322361,139.00330023192367,145.87096029105348,125.09283350122497,127.9045626576769,-146.1991427686015,1,0.001540660289051543,0.0,0111,7,0x7
618,23.1235119999983,1,23.0935119999983,0.030000000000001137,0.050060368907532016,4.68904293620895,0.9393939393939394,0.3467954666045255,0.15079949144058336,7.985401663194874,136.1306118814466,152.03877099660173,122.93929145343006,125.38509459363061,-148.72926857426754,1,0.0019655498274018836,0.0,0111,7,0x7
619,23.15530249999938,1,23.12530249999938,0.030000000000001137,0.003944559649310082,4.4645519433746195,0.9393939393939394,0.9977202881024257,0.11168059241369369,14.761114542389183,135.0379139396455,147.16585097436936,131.04396473502493,131.1171379057723,-147.35275158724227,1,0.0013687882403361235,0.0,0111,7,0x7
620,23.18643660000089,1,23.156436600000887,0.030000000000001137,0.2915977240075859,4.595384125628539,0.9090909090909091,0.9999792223124275,0.08424137084805114,3.2863468908390754,137.3275523935247,150.06165734781965,131.172124073577,128.83867195720092,-150.76264739222748,1,0.004226717340851274,0.06485355648535565,0111,7,0x7
621,23.217569399999775,1,23.187569399999774,0.030000000000001137,0.014491577698485678,4.576813660620789,0.9393939393939394,0.9993325237709725,0.1077217232374648,11.291167057849382,134.87754998615162,148.5974026394505,130.3946968676662,132.4669301653545,-152.7175755983279,1,0.003987589113393018,0.06485355648535565,0111,7,0x7
622,23.248963599999115,1,23.218963599999114,0.030000000000001137,0.000296840586283058,4.77678867020101,0.9393939393939394,0.9999371792211135,0.10464505744133279,21.659507492754496,128.70606252856442,160.18792114197691,121.31208470790087,126.24583079925954,-155.11127734282292,1,0.0021965333157625694,0.014644351464435146,0111,7,0x7
623,23.280131899999105,1,23.250131899999104,0.030000000000001137,0.007273769659265177,4.110228895281995,0.9393939393939394,0.9996052571845081,0.1207931195715715,13.129281597941267,126.28528326655066,159.8594919630389,130.69011170174318,131.85242886757763,-149.41893644108828,1,0.013805914646779343,0.5355648535564853,0111,7,0x7
624,23.31210160000046,1,23.28210160000046,0.030000000000001137,0.021159738439251514,4.107235659038108,1.0,0.890382231403734,0.12612671024095695,10.281746755099373,130.4614718289371,155.64321651024798,124.44617805554452,130.86476431467298,-158.02511546781017,1,0.009679190827897418,0.5209205020920502,0111,7,0x7
625,23.343817099997977,1,23.313817099997976,0.030000000000001137,0.04091432759155598,3.1043865765178844,0.8787878787878788,0.7060049844948064,0.1813965074412212,8.523399918439278,123.85051092581551,171.0049047852752,124.66443891163142,129.99766178972754,-157.39611621380044,1,0.004420492300436415,0.06485355648535565,0111,7,0x7
626,23.37482860000091,1,23.34482860000091,0.030000000000001137,0.5965368774653557,4.5622626268571675,0.5151515151515151,0.9984248467576802,0.06869939981886586,1.377637910075306,127.27973275893055,163.41551672787944,125.60199100445075,130.92126908211904,-155.44636226044645,1,0.006188932914489628,0.09832635983263599,1111,15,0xf
627,23.40536489999795,1,23.375364899997948,0.030000000000001137,0.11173538967789122,4.635591106495455,0.9393939393939394,0.9772902185447894,0.0981347974342598,5.844324787128486,122.5587044162615,156.13784286315513,121.43021955930044,129.24436411221248,-157.9667900859228,1,0.0035526249482398945,0.060669456066945605,0111,7,0x7
628,23.45286049999777,1,23.422860499997768,0.030000000000001137,0.38783242994859496,3.9634939766591506,0.5151515151515151,0.9301165186343876,0.09418922821203639,2.5258184379261923,126.47656954170165,157.69356638589582,127.33374092209209,129.46975225778118,-154.76457355039855,1,0.002076399186556442,0.010460251046025104,0111,7,0x7
629,23.48533369999859,1,23.45533369999859,0.030000000000001137,0.07517025601020243,3.8426363688042082,0.9090909090909091,0.9751493155910474,0.12254441902282327,6.901332421463453,125.42038655323864,154.96859909803172,124.37231540518994,127.13617081376242,-152.80020214622095,1,0.006703707344522728,0.2175732217573222,0111,7,0x7
630,23.51643150000018,1,23.48643150000018,0.030000000000001137,0.030533165191861632,4.623522880348138,0.9393939393939394,0.8340373699549469,0.11443446281928249,9.30384480747187,135.48780530476108,147.68393853023395,130.69460416474251,130.69182422380536,-145.21266893296865,1,0.0034175452815152943,0.010460251046025104,0111,7,0x7
631,23.547917199997755,1,23.517917199997754,0.030000000000001137,0.013037841155589395,4.721115298006258,1.0,0.8125911311917288,0.11535326039808796,11.573064777979358,134.79235883579796,152.41922085779404,128.46446962142397,130.14463391407855,-155.99086961198267,1,0.005301517649478907,0.0794979079497908,0111,7,0x7
632,23.57568199999878,1,23.545681999998777,0.030000000000001137,0.0206724120125274,3.1230571427261324,0.9090909090909091,0.5473515129551927,0.20274245881125222,10.343880588356939,122.64180553395978,161.323580380175,130.45857325976618,132.29147345316403,-154.616981351482,1,0.0043356571896539945,0.06276150627615062,0111,7,0x7
633,23.615018699998473,1,23.58501869999847,0.030000000000001137,0.040119072021706836,3.8654582017528867,0.9393939393939394,0.7084519368695944,0.1455838476416413,8.575742523261098,119.06669514697944,153.38476938740197,123.43106684665699,128.62664061827712,-152.34454877122832,1,0.0028892604732819746,0.0,0111,7,0x7
634,23.654554500000813,1,23.624554500000812,0.030000000000001137,0.05164022927858267,4.304170712383246,0.9393939393939394,0.32443765759287546,0.16680605076187585,7.9025447281916525,126.84340290374587,155.49830609083634,119.8352860321685,125.4655979163837,-151.83980468613868,1,0.002434250560479254,0.0,0111,7,0x7
635,23.686075800000253,1,23.656075800000252,0.030000000000001137,0.006433632733318628,4.439165135990364,0.9393939393939394,0.9922862301656242,0.11234708905832164,13.456575823904792,131.23584828138524,150.96688971144943,121.68844743471364,129.74259115001624,-158.95554939004404,1,0.0033760279265424974,0.029288702928870293,0111,7,0x7
636,23.717428899999504,1,23.687428899999503,0.030000000000001137,0.03492372839362016,4.663075187729818,1.0,0.9782640136218311,0.10474540651989427,8.945570091022194,130.27026944621952,153.83898382319524,125.16576810624183,129.01478692679763,-147.8629407088358,1,0.002704911309276828,0.0041841004184100415,0111,7,0x7
637,23.75505820000035,1,23.725058200000348,0.030000000000001137,0.011633634299888515,4.547827745265532,0.9393939393939394,0.8987517182056305,0.114473392368028,11.876946313935354,136.1434483306574,146.61970105216506,130.41676636057542,132.996844007576,-153.37692231845588,1,0.005176897664638944,0.1401673640167364,0111,7,0x7
638,23.796002600000065,1,23.766002600000064,0.030000000000001137,0.29834599322214755,4.210618987856329,0.9393939393939394,0.9996503706123621,0.09147650122018816,3.225337106384535,134.06971358195526,154.05836624621756,127.73048547413228,130.95694862543988,-153.86725046243126,1,0.024258703668863322,0.9121338912133892,0111,7,0x7
639,23.827847399999882,1,23.79784739999988,0.030000000000001137,0.1478486598511166,4.817001442550456,0.9393939393939394,0.7334189041542664,0.10433621158541835,5.0975095919237825,133.48111570901648,151.45389416926054,128.2613276758613,129.5456310850462,-158.85109616452576,1,0.06987662727779084,0.9874476987447699,0111,7,0x7
640,23.859286200000497,1,23.829286200000496,0.030000000000001137,0.1651892674378182,3.3174543489921913,0.7878787878787878,0.14680186505888926,0.22558497924226606,4.801769032237516,138.7382236057799,146.83138028553967,125.94037286408688,127.9244674489868,-157.30247119472932,1,0.1469515896030721,1.0,0110,6,0x6
641,23.890628999997716,1,23.860628999997715,0.030000000000001137,0.025895001219675223,4.8588592969376,1.0,0.9858128247323658,0.1010239748927635,9.743214218680919,135.52647874145413,138.72773516071572,132.9695098629871,126.89409095249621,-145.034646092217,1,0.12194359313579305,1.0,0111,7,0x7
642,23.922537399997964,1,23.892537399997963,0.030000000000001137,0.027794928526282996,4.293948855424486,0.9393939393939394,0.09412538222641421,0.20709497876054594,9.554404538771685,134.89853252458298,136.80093163107702,116.9424498169492,120.0316243890488,-152.38706981316818,1,0.128042684131347,0.9895397489539749,0110,6,0x6
643,23.96049199999834,1,23.93049199999834,0.030000000000001137,0.019228043103012748,4.742788017536706,1.0,0.45525690280643655,0.1421527460694097,10.537027966062189,138.51079325749717,156.53258290897614,124.57053803759123,120.40271750739647,-166.86664531854504,1,0.06732929123514429,0.9832635983263598,0111,7,0x7
644,24.00222880000001,1,23.97222880000001,0.030000000000001137,0.36707085806184325,4.770624816912081,0.9393939393939394,0.9992320074458564,0.07669561164000793,2.672534335535658,137.39158962027952,157.6893156199227,123.67536434311211,118.04021023482943,-171.17798986039998,1,0.016485163000063002,0.8138075313807531,0111,7,0x7
645,24.034007800000836,1,24.004007800000835,0.030000000000001137,0.0008679303264273618,3.69008552237475,0.9393939393939394,0.9999998015475327,0.13538072700556036,18.798397641648783,130.30661714018208,158.53687345803323,134.2904436915684,127.73109599290441,-177.12947068470234,1,0.01198786225101839,0.5753138075313807,0111,7,0x7
646,24.065318500001013,1,24.03531850000101,0.030000000000001137,0.011995694924456853,3.5315248166118436,0.9393939393939394,0.9981836734028553,0.1400308310940243,11.79521986628711,126.86351817502721,158.33796212150682,132.68728117266625,128.8345870494741,179.30596986270706,1,0.022707856859057754,0.7426778242677824,0111,7,0x7
647,24.09597439999925,1,24.06597439999925,0.030000000000001137,0.10175694531848786,3.5677139177187414,0.8787878787878788,0.993339937510401,0.1276270739189381,6.09378186221468,129.02086446836316,156.77410981096628,134.58547113351935,127.20861270461755,-174.49331992725024,1,0.015013376938683792,0.694560669456067,0111,7,0x7
648,24.126973300000827,1,24.096973300000826,0.030000000000001137,0.1395816173270572,4.037333646394186,0.8484848484848485,0.3981231361770294,0.15545851019320542,5.250948742300724,128.24490545085396,153.5613965515191,135.63290869833023,128.34674308953316,-177.99832563383106,1,0.0228887848593921,0.7175732217573222,0111,7,0x7
649,24.157989799998177,1,24.127989799998176,0.030000000000001137,0.034462340766419096,3.398693384634029,0.8181818181818182,0.9531426117030218,0.145626151930789,8.981034995016405,128.431504478878,154.54474944940768,132.89615712798386,125.14262916462016,175.7479714461287,1,0.025201297436209646,0.7887029288702929,0111,7,0x7
650,24.204523000000336,1,24.174523000000335,0.030000000000001137,0.1271993283708667,4.570777395039209,0.9393939393939394,0.9403638338560114,0.10002902518663283,5.498666421848603,127.71696614406048,159.15941139586099,129.9888244374862,124.42192542508658,166.8258918864671,1,0.02286075829863782,0.7447698744769874,0111,7,0x7
651,24.237030699998286,1,24.207030699998285,0.030000000000001137,0.020469096309986824,3.836368780023712,0.9393939393939394,0.9847938590818051,0.12869580393837127,10.370237406209066,127.11051589986842,158.57750822529974,118.77531847784181,120.06344034479292,159.35793508142268,1,0.04072775910004091,0.9539748953974896,0111,7,0x7
652,24.26791779999985,1,24.23791779999985,0.030000000000001137,0.009318066707018818,3.6155609079036695,0.9393939393939394,0.7815268393814392,0.15381684574357218,12.46880028445673,128.85705551387335,154.28255762228355,106.06900679652084,118.74399021929756,163.5995608722357,1,0.005724872992311415,0.04811715481171548,0111,7,0x7
653,24.300238699997863,1,24.27023869999786,0.030000000000001137,0.13493277970134798,3.937623978618827,0.9090909090909091,0.998395879015613,0.11197320103613297,5.341276140504471,129.45149168359356,157.80103315150293,112.43998555166161,123.19222097963852,166.50952251344327,1,0.02164277153223454,0.7907949790794979,0111,7,0x7
654,24.33072959999845,1,24.300729599998448,0.030000000000001137,0.00010573539307898999,3.6708955593938053,0.9393939393939394,0.9999999895615077,0.13619214505377056,24.41218900397484,126.40105747127132,156.21084694382455,116.40954611703833,130.82838778353624,165.6651664400079,1,0.02020727702140792,0.897489539748954,0111,7,0x7
655,24.361125399998855,1,24.331125399998854,0.030000000000001137,0.00011845265018159016,3.9243267542165765,1.0,0.15028449972559965,0.22150224426781012,24.109326010046356,125.13674552177372,161.21866696566585,109.79838434230304,116.62803605555031,149.97787380916506,1,0.01756556601063776,0.6464435146443515,0110,6,0x6
656,24.392466099998273,1,24.362466099998272,0.030000000000001137,0.005084917794879779,4.548244779103016,1.0,0.9999114803486514,0.10938118922369233,14.08393710882868,128.1761123120365,162.47681047287986,101.90943379077112,121.35578537245601,140.34849862119026,1,0.016041656251842465,0.805439330543933,0111,7,0x7
657,24.42351039999994,1,24.39351039999994,0.030000000000001137,0.0009327775105235035,4.487321798142431,1.0,0.9785057809256776,0.11253057811971345,18.6062502728081,127.70199859749322,161.06681338541952,103.26874284697342,122.11393274066239,155.1356732832571,1,0.011188365635935404,0.41422594142259417,0111,7,0x7
658,24.461971199998516,1,24.431971199998515,0.030000000000001137,0.2138499887661994,4.420305384450816,0.9393939393939394,0.9999989841880101,0.09318648531772447,4.1132813249076765,127.30267075725517,160.0692409772616,100.79671096397198,122.37556058312508,151.56588456301958,1,0.004345348815606027,0.012552301255230125,0111,7,0x7
659,24.502317700000276,1,24.472317700000275,0.030000000000001137,0.02263264081763652,3.9236057677516643,0.9090909090909091,0.9950002806559033,0.12492576684391912,10.102299015233259,125.79217562352692,159.79414785729588,112.86041078015408,122.27533907571546,155.75687790692191,1,0.00822928914453242,0.2196652719665272,0111,7,0x7
660,24.538794100000814,1,24.508794100000813,0.030000000000001137,0.04934996947962759,4.149094067286816,0.9393939393939394,0.7776478593433944,0.12920538973829024,8.02351501746663,127.10572864597229,160.46927465668475,105.72160299586405,120.64424069920098,150.94949428591556,1,0.005451013296170639,0.07531380753138076,0111,7,0x7
661,24.566583199997694,1,24.536583199997693,0.030000000000001137,0.3152088834738445,4.706945614730645,0.9393939393939394,0.9858599442400131,0.08134249139351733,3.0787193007616183,127.26287206619644,159.674324174218,103.94345178680707,120.81465309341189,154.50247336555984,1,0.0020029011514431723,0.0,0111,7,0x7
662,24.59777259999828,1,24.56777259999828,0.030000000000001137,0.039008282045837755,3.50635873194763,0.9393939393939394,0.992422306012231,0.13776638072829545,8.65061678732775,128.09281995553346,158.87819566010378,115.47499815942908,123.18178604744193,158.1022816419578,1,0.0065515870891189685,0.12761506276150628,0111,7,0x7
663,24.628972099999373,1,24.598972099999372,0.030000000000001137,0.004729137203437113,3.481056864566334,0.8787878787878788,0.9928253155522635,0.1434731566787069,14.277366673434784,130.350855720583,161.61410375784305,102.12806069763333,120.92154122429946,160.55164042845644,1,0.006693261180595484,0.13807531380753138,0111,7,0x7
664,24.660238199998275,1,24.630238199998274,0.030000000000001137,0.23575942943705133,3.591844491438388,0.8787878787878788,0.9999405911232586,0.11265006491306301,3.853182295083477,131.82733140199772,160.68920095830018,102.30578151135047,125.5121869703366,162.56949387709537,1,0.004123155742491501,0.01882845188284519,0111,7,0x7
665,24.693189800000255,1,24.663189800000254,0.030000000000001137,0.14933439827684025,3.6957942641592636,0.9393939393939394,0.5433042438722555,0.15254369349232152,5.070845877179975,131.68407200876462,160.33033463479424,102.84447809581285,120.71906999671481,156.980287446653,1,0.004081235363125288,0.008368200836820083,0111,7,0x7
666,24.723671399999148,1,24.693671399999147,0.030000000000001137,0.02006570630040143,4.411467612872769,0.9393939393939394,0.9905717716170963,0.11163770929715963,10.423314867372195,129.29964639172232,158.0454261910565,101.75608132545399,120.49726171924216,161.64003787987562,1,0.0033571384323527326,0.0,0111,7,0x7
667,24.75466360000064,1,24.72466360000064,0.030000000000001137,0.2786316637499863,3.0396186573378765,0.696969696969697,0.9982062127764262,0.12876420134433436,3.4076388560202457,130.7712576122233,161.2704052645994,102.05887648949552,121.55513586726413,161.22804361097963,1,0.0037867415134604466,0.0,0111,7,0x7
668,24.788763699998526,1,24.758763699998525,0.030000000000001137,0.11893145576100127,3.4197351130968467,0.7272727272727273,0.8127658400975343,0.14416583130623703,5.6778878768848156,128.9785271077708,160.3281988581579,98.12189780981241,120.29705272958563,161.16984033495314,1,0.0030327575491883056,0.0,0111,7,0x7
669,24.824910499999532,1,24.79491049999953,0.030000000000001137,0.09640038838850064,3.4570663391639225,0.9393939393939394,0.272950855829281,0.2072580789473783,6.2379867958594915,129.85320074358756,160.06038855498403,99.14735191738734,125.67521449818916,175.10469962547293,1,0.0028041449473825237,0.0,0110,6,0x6
670,24.864129800000228,1,24.834129800000227,0.030000000000001137,0.06542530917815416,3.3327678628167923,0.9090909090909091,0.4752275612942909,0.1909030681602316,7.271589613036624,129.8037830284154,158.37648128131673,112.66090024920211,125.44917945862468,175.6672383612361,1,0.0014571672452035446,0.0,0111,7,0x7
671,24.894805899999483,1,24.86480589999948,0.030000000000001137,0.37661694910093424,4.4672934626406775,0.8484848484848485,0.9813837986249359,0.08206799008513055,2.6040710885148797,128.43527474936892,156.91892885292484,110.35320724089749,125.2498562637612,170.85513062458418,1,0.004843328715259712,0.07112970711297072,0111,7,0x7
672,24.94353029999911,1,24.91353029999911,0.030000000000001137,0.18284730057037896,4.491298423774348,0.9393939393939394,0.7458057280244232,0.10782103344772391,4.530943726874882,126.55245456499897,160.1776417414977,112.98157457956133,127.34921752363863,164.7819186049283,1,0.003570964614008077,0.0,0111,7,0x7
673,24.971660499999416,1,24.941660499999415,0.030000000000001137,0.06148321755824199,4.249651316211284,0.9393939393939394,0.8963204389477818,0.11690197385266998,7.437309404376925,126.24130924236228,158.71583534076913,103.98324687650727,124.21626505635045,162.9529219209007,1,0.003436105312616659,0.0,0111,7,0x7
674,25.00223080000069,1,24.972230800000688,0.030000000000001137,0.006929674500735378,3.5381100738697744,0.9393939393939394,0.9940894490580104,0.14076182357020878,13.258513163930926,126.65737028396022,158.37341701686373,112.7738270273488,128.98809250998792,172.3024591209754,1,0.003929372079460012,0.008368200836820083,0111,7,0x7
675,25.033484299998236,1,25.003484299998235,0.030000000000001137,0.003261575630326881,3.4463343491378122,0.9393939393939394,0.7636040322188704,0.1639937621140417,15.268119675145842,127.96510062040657,160.00542817034687,99.46503943026006,123.01327833165702,163.49060500824407,1,0.005597737393900121,0.058577405857740586,0111,7,0x7
676,25.06491879999885,1,25.03491879999885,0.030000000000001137,0.034451253616408835,3.3368927715138565,0.9393939393939394,0.9962833757716898,0.14511941814912915,8.981893047302911,128.21511483400937,160.3322268775427,109.99837183047899,128.78249360481843,168.04569991136376,1,0.005548885900446542,0.08158995815899582,0111,7,0x7
677,25.097284200001013,1,25.067284200001012,0.030000000000001137,0.05755484232078711,3.9394762985529526,0.9393939393939394,0.5942800413472005,0.15055459006654,7.613378683321131,128.23144758848915,159.57518453516042,117.15530587377755,124.4920041192689,171.31574598080843,1,0.004077560314801165,0.01882845188284519,0111,7,0x7
678,25.126557100000355,1,25.096557100000354,0.030000000000001137,0.0013349879279630369,3.873966670113535,0.9393939393939394,0.9999124884090982,0.12890024312360332,17.650221413053004,127.70102037823412,160.9804220727742,100.39497776257636,117.73879332139857,157.15467949903794,1,0.004729748989151675,0.0,0111,7,0x7
679,25.157492599999387,1,25.127492599999385,0.030000000000001137,0.001466781840333026,3.6189531895773226,0.9393939393939394,0.12487612033876619,0.24528770988093138,17.39915867282431,128.89787638283173,160.3331141534585,117.14424795637304,128.1985681623714,165.0859899639809,1,0.005631227311849483,0.11506276150627615,0110,6,0x6
680,25.189005899999756,1,25.159005899999755,0.030000000000001137,2.203318647189639e-05,3.8304254737892522,1.0,0.9999725259854177,0.1305327190197317,28.59456204057944,129.1023223043983,161.9430436214723,104.94947341849377,112.76861684003879,147.49654106329032,1,0.00587008535008157,0.100418410041841,0111,7,0x7
681,25.221692499999335,1,25.191692499999334,0.030000000000001137,0.15605664544813938,4.591562156707052,0.9393939393939394,0.9999999998919021,0.09419555775232924,4.953429935452359,129.71470261415854,162.5627302805734,102.25969672069436,117.35525555562825,151.001686780577,1,0.004135582797939905,0.03138075313807531,0111,7,0x7
682,25.256810700000642,1,25.22681070000064,0.030000000000001137,0.048834816110106566,4.290231043781344,0.9393939393939394,0.9136259741205891,0.11613287201238952,8.051498068332005,132.98831445310148,166.8672719413742,89.71485021983376,119.77963648029879,156.63391558216844,1,0.007316453125454875,0.21338912133891214,0111,7,0x7
683,25.307005700000445,1,25.277005700000444,0.030000000000001137,0.1854692143750087,4.390313593589762,0.9393939393939394,0.9446155700172907,0.09880534040305895,4.49297698920013,131.19303015906706,167.95497925930513,89.1533942057213,115.84016840374615,150.10191870298829,1,0.0025446857587754857,0.0,0111,7,0x7
684,25.344797899997502,1,25.3147978999975,0.030000000000001137,0.04588173841484146,3.9622591516990795,0.9393939393939394,0.9529027690621457,0.12356455843371576,8.217834925245278,127.78336722937763,161.35704784671103,107.49980322268533,121.5549226436404,155.16020793417334,1,0.0017759644457498677,0.0,0111,7,0x7
685,25.390512499998295,1,25.360512499998293,0.030000000000001137,0.34856306689864586,4.395943470782976,0.9393939393939394,0.9910729118971379,0.08472068832115065,2.8104962625157697,127.77607385252978,162.51840060808937,112.45692318233512,124.99811804406941,151.24898254139063,1,0.0007180176966227836,0.0,0111,7,0x7
686,25.42074169999978,1,25.39074169999978,0.030000000000001137,0.012772144001675546,3.970655092237454,0.9393939393939394,0.9997037996910569,0.12435418811484934,11.627969945062615,125.89366254125892,162.27528023524027,111.52248335828531,120.37800495473527,154.8912589683014,1,0.0020658935735334357,0.02301255230125523,0111,7,0x7
687,25.45327019999968,1,25.423270199999678,0.030000000000001137,0.06644543462722328,3.9254227893517584,0.9090909090909091,0.9756864828190099,0.12090851650926379,7.230331200166022,126.71162362579115,161.53246915877162,104.05462207998885,122.09626558670385,152.05920858848907,1,0.0023776919820679577,0.02301255230125523,0111,7,0x7
688,25.48441399999865,1,25.45441399999865,0.030000000000001137,0.28447865877375533,4.26014130249534,0.8787878787878788,0.9594575119840282,0.09326383119316739,3.352258776871594,126.35390556219448,161.70156844259662,109.26370933501192,123.23909879216306,154.1149641446504,1,0.0035553395492436274,0.008368200836820083,0111,7,0x7
689,25.53048299999864,1,25.50048299999864,0.030000000000001137,0.4404103198532401,3.2000405683085416,0.42424242424242425,0.524647881276155,0.14229470416903547,2.186795843996968,125.89174077268336,161.34075790862695,113.44399579669923,125.31680129050022,153.98086194998194,1,0.0037926397450825924,0.0,0111,7,0x7
690,25.561427900000126,1,25.531427900000125,0.030000000000001137,0.5916937417403796,4.37129260220983,0.45454545454545453,0.37455398386423805,0.10456077955553957,1.399376282932623,127.07423041189989,162.64374778597633,111.00505787245667,124.35806257509726,154.64027220649257,1,0.005468221872015343,0.17573221757322174,1111,15,0xf
691,25.607341599999927,1,25.577341599999926,0.030000000000001137,0.09727560273059564,4.6075075427362595,0.9393939393939394,0.9839081206650331,0.09970034634828681,6.213885503945479,130.9660093640363,161.76498140343415,112.6967964772596,124.48770693746329,150.7456189777375,1,0.002138837378574978,0.0,0111,7,0x7
692,25.64007280000078,1,25.61007280000078,0.030000000000001137,0.0888179425909424,3.853817528503457,0.9393939393939394,0.12068822993426208,0.21265165769035338,6.456444248507254,130.46250612646563,160.85474785496496,115.7599901245107,128.91282065192067,154.49940527825788,1,0.0024204023345472834,0.0,0110,6,0x6
693,25.671454999999696,1,25.641454999999695,0.030000000000001137,0.007795037611730018,4.63091570249157,0.9393939393939394,0.9969622650698412,0.10729785758041549,12.944714536997777,127.45001527621157,163.00098045164384,116.14350262934438,127.05792368852967,163.48624083969452,1,0.0024908198102360905,0.0,0111,7,0x7
694,25.702869000000646,1,25.672869000000645,0.030000000000001137,0.0014028511629204832,3.500691378533621,0.9393939393939394,0.9795629441008852,0.1441013454882197,17.517996182303694,128.99769997394753,161.85831113220206,96.19900345434631,114.96640070790946,157.24668044809428,1,0.0019228963228267693,0.0,0111,7,0x7
695,25.733836899999005,1,25.703836899999004,0.030000000000001137,0.1579228981050396,4.585928579685137,0.9393939393939394,0.9999932307715828,0.0941595870473483,4.9217289379635,128.50733307214043,160.3488371142763,104.01187830940145,117.07321900308344,153.70598480784489,1,0.00301720705738505,0.0,0111,7,0x7
696,25.765514799997618,1,25.735514799997617,0.030000000000001137,0.3333285073804863,4.338786127196491,0.9393939393939394,0.7599212948055746,0.09822032033567522,2.9296713776837717,130.26986500315184,160.32133804977474,102.02376386235564,119.67450843004498,156.76279829942087,1,0.0010328955147885573,0.0,0111,7,0x7
697,25.797031699999934,1,25.767031699999933,0.030000000000001137,0.36733841237316106,4.573069255211735,0.8787878787878788,0.12882026415760836,0.14167440909145823,2.6705913366553284,129.7810557810065,160.29817575805757,104.68171580181543,119.22970655950641,159.36849515453207,1,0.0015977337595524744,0.0,0110,6,0x6
698,25.827559800000017,1,25.797559800000016,0.030000000000001137,0.2303743848458971,4.682356233411228,0.9090909090909091,0.5525910543438906,0.1117998414801118,3.914798755266881,131.6104386840221,162.9288554841835,105.23971681050358,119.88216741115907,155.4618413367719,1,0.009778151003374256,0.35564853556485354,0111,7,0x7
699,25.859312299999146,1,25.829312299999145,0.030000000000001137,0.242362186392805,3.9704075676458777,0.8787878787878788,0.06753371486708235,0.18990442562742085,3.7795254231600843,131.24727037100791,162.69027231583738,100.80031283857875,119.1813765080953,155.79092293655668,1,0.004953548663418007,0.016736401673640166,0110,6,0x6
700,25.890607099998306,1,25.860607099998305,0.030000000000001137,0.005799067967440309,3.9819002277526776,0.9393939393939394,0.9999049267698527,0.124850143805923,13.733488185630264,130.78055409409117,163.46524593337787,100.98430717630754,122.31399062463954,172.50991125760447,1,0.001984374337782599,0.0,0111,7,0x7
701,25.921392100000958,1,25.891392100000957,0.030000000000001137,0.04018285628197446,3.2943430604787345,0.9393939393939394,0.9886046369205838,0.14674828604391926,8.571506226572387,129.37684009846822,163.15820382133464,115.28344394166834,124.91632686124746,165.1770199217333,1,0.0018893006436172127,0.0,0111,7,0x7
702,25.95256199999858,1,25.922561999998578,0.030000000000001137,0.15088592749780025,4.241967521446935,0.9393939393939394,0.9429604437314905,0.10542325526143072,5.043283132521281,127.89969202565767,163.65160725845664,106.77798279018687,123.85858340525358,162.02069390652485,1,0.002427842882990917,0.0,0111,7,0x7
703,25.983664399998815,1,25.953664399998814,0.030000000000001137,0.03921977387590156,4.740243452005349,0.9393939393939394,0.9464379136991944,0.1042920960336528,8.636197930028631,127.32278052336548,159.07236631400463,109.97490627634741,122.08299668203743,165.94476041449792,1,0.002587030562166172,0.0,0111,7,0x7
704,26.015508099997533,1,25.98550809999753,0.030000000000001137,0.16486388995951498,4.49085876583456,0.9393939393939394,0.9574688646179463,0.09765636559167257,4.80702681291385,127.99698676583031,159.11572099140832,109.99940314400261,122.80611593364402,162.8764401780461,1,0.00359531316583038,0.008368200836820083,0111,7,0x7
705,26.04868239999996,1,26.01868239999996,0.030000000000001137,0.004041806352152106,3.988787806536698,0.9393939393939394,0.9998985603226348,0.12485309204448712,14.69616952017733,127.50756279783282,158.85239469892178,121.15610776425142,127.23451712080457,170.72655917304007,1,0.006092194380400169,0.18619246861924685,0111,7,0x7
706,26.07846779999818,1,26.04846779999818,0.030000000000001137,0.042339249210358275,4.150633166423162,0.8787878787878788,0.9962002324111069,0.11579037347342035,8.432108655542407,126.0757803844854,153.86960846718785,119.30875827325995,125.54992769550499,-177.50660547970975,1,0.010339194900368725,0.38493723849372385,0111,7,0x7
707,26.1094998999979,1,26.0794998999979,0.030000000000001137,0.4615318236443385,4.379513344012874,0.8181818181818182,0.9965823213699676,0.07824897340807366,2.061878054508824,125.71025500315957,156.14593014644987,118.27584922265564,127.12409988664221,173.145183060286,1,0.0022684785263160944,0.0,0111,7,0x7
708,26.136992100000498,1,26.106992100000497,0.030000000000001137,0.4398752111676341,4.347511513963027,0.8181818181818182,0.06399234521628885,0.15013982339266438,2.190037875407065,125.36291320069797,156.93596528983744,117.32957651038326,126.95256286274162,172.45393222632856,1,0.0015220949715554742,0.0,0110,6,0x6
709,26.171290999998746,1,26.141290999998745,0.030000000000001137,0.35508410715204497,3.4332236377362633,0.5151515151515151,0.2780017921825817,0.1681900080676147,2.7610682560349478,125.8592137159473,157.90281873465221,122.1693059113873,125.37828481616455,168.31014739526842,1,0.002785205610799586,0.012552301255230125,0110,6,0x6
710,26.203458899999532,1,26.17345889999953,0.030000000000001137,0.25088035365092354,4.131397909338313,0.6060606060606061,0.43266544545106583,0.13506487370195122,3.6874110191447467,126.01595564505726,156.5383944197162,118.37913567265956,125.94760810232953,172.56803543489403,1,0.002789097182544113,0.0,0111,7,0x7
711,26.23440919999848,1,26.20440919999848,0.030000000000001137,0.49803446158278647,4.321251738360925,0.6363636363636364,0.7231694538157342,0.08964800743168103,1.8588960116966138,127.73988478037194,158.37958559318128,119.32412200649352,124.96051360277687,172.78380625644726,1,0.0020361135545763098,0.0,0111,7,0x7
712,26.297021800000948,1,26.267021800000947,0.030000000000001137,0.4897703873514486,4.119337728776268,0.5757575757575758,0.02230641992478562,0.15939407542729517,1.9035162531876737,127.66799508892308,158.84979737856867,117.74712819557469,122.10216994192055,175.46066147358255,1,0.0013473817193746216,0.0,0110,6,0x6
713,26.328799700000673,1,26.29879970000067,0.030000000000001137,0.10405120043100431,3.9229857742128185,0.8787878787878788,0.9683685852387887,0.11729719515963354,6.034325837732831,127.70030186042395,160.08260611524673,110.43720718575355,117.31193052101186,170.62288713364467,1,0.0018722977610376257,0.0,0111,7,0x7
714,26.35964089999834,1,26.32964089999834,0.030000000000001137,0.24952726709157005,4.418683047582907,0.9696969696969697,0.8230652614070386,0.09934801539503847,3.7018322208579546,127.6068658485247,159.64215104912583,106.18460704687648,115.95784753310359,165.07034819328248,1,0.002674987204811607,0.0,0111,7,0x7
715,26.39059669999915,1,26.36059669999915,0.030000000000001137,0.19577957980376656,3.8996160225377188,0.7575757575757576,0.31261257893404476,0.16337682777735876,4.34870892111601,129.43213288787766,156.6041561141226,112.60748477503047,120.64904824595024,167.737721497378,1,0.007915452430101697,0.32426778242677823,0111,7,0x7
716,26.421475799998007,1,26.391475799998005,0.030000000000001137,0.05873830255127271,3.86620582752149,0.9090909090909091,0.9224470390019074,0.1270784823150871,7.559102003445725,129.9595370809606,159.03210225573957,119.25323244951471,118.17424617597383,164.39891568103116,1,0.006189147235788198,0.17154811715481172,0111,7,0x7
717,26.452936400000908,1,26.422936400000907,0.030000000000001137,0.014473119483567902,3.501170730026943,0.9393939393939394,0.9533880566969176,0.1441310793235567,11.294565809978648,129.06666291782358,157.8528207875061,100.27937981764096,117.32712368491123,172.66300319993255,1,0.010909742594995563,0.41422594142259417,0111,7,0x7
718,26.48339169999963,1,26.453391699999628,0.030000000000001137,0.15360320616260215,3.550775855344887,0.8181818181818182,0.9963300176010682,0.12228915679591283,4.9956868934184016,127.39421080571115,158.28942220937944,111.5969004786598,123.5030039924773,-179.5659793072586,1,0.009879992948308923,0.38284518828451886,0111,7,0x7
719,26.514648500000476,1,26.484648500000475,0.030000000000001137,0.052133641069037,4.912800083660988,0.7878787878787878,0.8938485377608721,0.1021538545098455,7.877186231193547,128.2563451985069,157.52234607779843,108.83400366467141,119.58262227426401,-175.2411752743525,1,0.010353071729700137,0.5,0111,7,0x7
720,26.546140899998136,1,26.516140899998135,0.030000000000001137,0.15203249605567604,3.393922864494454,0.8181818181818182,0.8910594570911766,0.13524714897895615,5.023095976388284,128.7996577284271,159.13901330073244,104.08749771452425,114.69437826670014,174.88035695008816,1,0.003428421696956545,0.0,0111,7,0x7
721,26.576846100000694,1,26.546846100000693,0.030000000000001137,0.1565291889419774,4.651828671378507,0.8787878787878788,0.03884473193501813,0.1789241855277828,4.945367401550615,128.79288929014487,159.74664664711554,106.34520801039355,119.3006476340971,168.5849192614463,1,0.007898057048212448,0.25523012552301255,0110,6,0x6
722,26.607909199999995,1,26.577909199999993,0.030000000000001137,0.005533470040073861,4.043501112082921,0.9393939393939394,0.9997308191577409,0.12299129157707533,13.858507110814124,129.49171076405779,160.4599002216847,111.43952988842807,118.3551811159105,156.65844301331205,1,0.006506798899435931,0.18410041841004185,0111,7,0x7
723,26.641798000000563,1,26.61179800000056,0.030000000000001137,0.0030708772115836465,3.505094716151,0.8787878787878788,0.6556446508713194,0.17179142813754736,15.428778724068167,128.28791929549473,159.5897596322372,116.15175698170206,117.04524433053369,160.17412534929815,1,0.004535285792382644,0.012552301255230125,0111,7,0x7
724,26.68676459999915,1,26.65676459999915,0.030000000000001137,0.29618291525490714,4.431182794240964,0.5454545454545454,0.9999897772524148,0.08705350578713698,3.2447414895267856,129.87778484655544,158.26039164188208,108.25989664214381,114.80391958077489,159.02337152003986,1,0.005696702125482786,0.100418410041841,0111,7,0x7
725,26.717841599998792,1,26.68784159999879,0.030000000000001137,0.016998305921672365,4.328527427423188,0.9393939393939394,0.999020347055425,0.11363768614059021,10.865710910820413,126.45396395852396,158.626131285961,107.47618929731442,116.62458100318435,152.88431612036058,1,0.0041298256443886875,0.03556485355648536,0111,7,0x7
726,26.749149899998883,1,26.719149899998882,0.030000000000001137,0.334769053179843,4.619579961087586,0.9393939393939394,0.9992931877762172,0.0811175632479917,2.918171675709334,128.40198953631113,159.07645837676714,106.73906103774021,117.91659795726136,156.07116693904985,1,0.004404724546679168,0.03765690376569038,0111,7,0x7
727,26.780222699999285,1,26.750222699999284,0.030000000000001137,0.08328364639622507,4.390331845706338,0.9393939393939394,0.9522069949649029,0.10770468641808233,6.628008188951725,129.5943955277375,159.47924609535335,101.89759638189638,117.34858542074235,166.4822406422847,1,0.0030668156117653876,0.0,0111,7,0x7
728,26.81025139999838,1,26.780251399998377,0.030000000000001137,0.029645681279437376,3.309080115272139,0.9090909090909091,0.8803334557407592,0.15608818929626686,9.382503522206013,131.0559617537507,159.00898999272206,125.6462220882114,121.4939844153934,161.7711689411013,1,0.005217578288892127,0.01882845188284519,0111,7,0x7
729,26.84104369999841,1,26.811043699998407,0.030000000000001137,0.03893998398967895,4.225499776479745,0.9393939393939394,0.34838707330231045,0.16893392633357077,8.655289840511045,130.0599960478021,158.95004422923316,124.09049988393089,122.36873050324351,159.29165134025692,1,0.006521685679862497,0.1297071129707113,0111,7,0x7
730,26.876308700000664,1,26.846308700000662,0.030000000000001137,0.002499054107665435,3.5130661639097958,0.9393939393939394,0.99868045843571,0.14206475050742945,15.978247935031002,129.04956025826343,160.75272707136853,96.91262631936749,113.84739029744615,166.14667555095696,1,0.00400371937561357,0.016736401673640166,0111,7,0x7
731,26.919634199999564,1,26.889634199999563,0.030000000000001137,0.1419922864951439,4.355101759193548,0.9090909090909091,0.9999580836641818,0.10053508025829316,5.205286782167853,127.3698499395153,161.27720864534942,91.60863799995286,112.91263564753702,162.05682412768334,1,0.002926344709465222,0.010460251046025104,0111,7,0x7
732,26.95109009999942,1,26.921090099999418,0.030000000000001137,0.4342452658861698,4.540180549435556,0.5151515151515151,0.9034073313474333,0.08068108192122815,2.2243887352982696,126.93819387642199,162.79314410932054,93.6700259118575,116.63640292337688,160.0319139514859,1,0.0057977001964664154,0.12761506276150628,0111,7,0x7
733,26.982160199997452,1,26.95216019999745,0.030000000000001137,0.023556182483300603,3.685397389273964,0.9393939393939394,0.9991569893141452,0.1326041422537652,9.995645245715387,127.30344923604362,158.93696242708867,117.25104753523244,127.93079384611517,154.70123828242353,1,0.004407859452023356,0.04184100418410042,0111,7,0x7
734,27.014337500000693,1,26.98433750000069,0.030000000000001137,0.03864854281741287,4.239022591857221,0.9393939393939394,0.5784705571796872,0.1438895211130694,8.675323217778,129.17241960304253,157.73163585026467,101.45819331039216,116.13940228492804,160.3257072059239,1,0.011659160643189894,0.4916317991631799,0111,7,0x7
735,27.044911999997566,1,27.014911999997565,0.030000000000001137,0.31282965232951543,4.333585374687212,0.48484848484848486,0.992456214139036,0.08821764897576047,3.0989239422772776,130.4646188002641,156.55425224007038,107.22212278701208,118.85921245434129,161.18038683383352,1,0.013608681364272172,0.6841004184100419,0111,7,0x7
736,27.074758799997653,1,27.044758799997652,0.030000000000001137,0.243638552609821,4.145715321412576,0.5454545454545454,0.32148047686850845,0.14677280540481683,3.765518649928971,128.57617077566675,158.98464761141523,108.91135381066013,120.47848409416412,161.70075507011697,1,0.009623634268026617,0.33472803347280333,0111,7,0x7
737,27.10560859999896,1,27.075608599998958,0.030000000000001137,0.14433158841542837,3.9916694690510544,0.9393939393939394,0.6031582115266314,0.13655800308840033,5.16171181125669,127.65610191357263,158.06068844706502,116.83832893108705,123.59790684681793,155.3939757727262,1,0.012375105860389495,0.5648535564853556,0111,7,0x7
738,27.137322700000368,1,27.107322700000367,0.030000000000001137,0.024548637876805997,3.7751351477344604,0.9393939393939394,0.9823951264386023,0.13042014977990796,9.885597093103728,128.4007023281821,158.4192059239676,109.35655473232077,113.6022508604366,152.45021546347172,1,0.009645131072453551,0.4351464435146444,0111,7,0x7
739,27.168510399998922,1,27.13851039999892,0.030000000000001137,0.024998108264717336,4.00133309959734,0.9393939393939394,0.02418699316196063,0.23806358718601883,9.837213670368474,129.79043251891852,160.04567261203866,103.07869741682887,105.59932025171956,149.54945306965493,1,0.00979473101049549,0.36401673640167365,0110,6,0x6
740,27.199239699999453,1,27.16923969999945,0.030000000000001137,0.01980725424388198,4.047420288823097,0.9393939393939394,0.30074262414951997,0.18625683839688775,10.45788541980572,131.78351095574655,157.81930493566045,112.15273954502376,115.6600858067915,154.58920365102125,1,0.008995100736932394,0.41631799163179917,0111,7,0x7
741,27.229998899998463,1,27.199998899998462,0.030000000000001137,0.0004627185049878372,3.9447099651698885,1.0,0.9999108083484056,0.1266990579178532,20.475711118295244,133.3917087963184,158.38148644590922,118.0225298977561,123.45254471669806,168.68034297496527,1,0.00657890444109235,0.11506276150627615,0111,7,0x7
742,27.27405329999965,1,27.24405329999965,0.030000000000001137,0.1285404253595231,2.9186592822364563,0.7878787878787878,0.9999993912547888,0.15179924678147869,5.470698213023046,130.2250956725536,153.7301129443522,116.61582850763418,124.64661107728944,173.51794259022242,1,0.007363046238125719,0.23430962343096234,0111,7,0x7
743,27.308226099998137,1,27.278226099998136,0.030000000000001137,0.07321722578668739,3.1567247970704035,0.9090909090909091,0.6353976475661633,0.1804896383561366,6.971532161985601,128.87737632116276,153.64575878277904,118.40439201500662,122.22546945091783,167.6872249646476,1,0.0023068330531027456,0.0,0111,7,0x7
744,27.340126600000076,1,27.310126600000075,0.030000000000001137,0.29389786393015377,3.9332293869581822,0.8181818181818182,0.9520341314325687,0.10066148238641781,3.265394596265174,130.4253133240391,155.6156137604331,116.6259613886175,120.62201712228675,172.4974968242485,1,0.004331759962237457,0.07112970711297072,0111,7,0x7
745,27.37200799999846,1,27.342007999998458,0.030000000000001137,0.2666896258053905,3.4692415852275085,0.696969696969697,0.12880945708546299,0.20159260806696502,3.524452658448451,130.91268400518697,158.30067140504977,115.17113495584682,117.01242015020429,171.6532059533241,1,0.00773776057589702,0.2384937238493724,0110,6,0x6
746,27.40411419999873,1,27.37411419999873,0.030000000000001137,0.041197455817041644,4.443660842621908,0.9090909090909091,0.9863532921721736,0.1088101734915424,8.505010070791526,133.84878941142253,160.12221027093875,110.96292772639084,119.55115879336272,171.30406663726777,1,0.006083388035996427,0.11715481171548117,0111,7,0x7
747,27.435227599999052,1,27.40522759999905,0.030000000000001137,0.2653720503258566,4.645112555591896,0.7575757575757576,0.9861731152277992,0.08565809698009656,3.5376599310328674,133.71353260132437,157.67407583216334,115.5710799119895,119.4830308338978,173.6074318708204,1,0.007753064284583004,0.25313807531380755,0111,7,0x7
748,27.467604599998594,1,27.437604599998593,0.030000000000001137,0.5871149536419343,4.117321775430587,0.2727272727272727,0.7851979239104755,0.08572163268960893,1.4200923890327426,132.7202473435996,157.8339514899842,116.85651002889895,122.27348398682737,172.7466834666554,1,0.0063405087678734635,0.18828451882845187,1101,13,0xd
749,27.49970879999819,1,27.469708799998187,0.030000000000001137,0.3399965905075322,4.591682879440802,0.6363636363636364,0.6220732854628587,0.10019682237368789,2.876852504909845,131.0957770743502,158.86984262584934,120.13630001043673,124.61908582910588,172.22556868810372,1,0.005335901063633578,0.11297071129707113,0111,7,0x7
750,27.531561199997668,1,27.501561199997667,0.030000000000001137,0.018496300005207387,3.398047530139762,0.9090909090909091,0.9991505464598555,0.14453252672889363,10.640492177650232,129.8515017436635,157.80934535841163,105.64006864669882,111.3784353615435,164.79326988607554,1,0.0051206439517851405,0.0899581589958159,0111,7,0x7
751,27.563329799999337,1,27.533329799999336,0.030000000000001137,0.07323555686261661,4.518779152574899,0.9393939393939394,0.9502948634725,0.10572642660157873,6.970864603902845,128.08568867109264,158.4689876992019,113.06061465723226,118.57624696754473,156.17227325185593,1,0.0036382921237863874,0.0,0111,7,0x7
752,27.59480909999911,1,27.56480909999911,0.030000000000001137,0.07481619364022694,4.502652090918668,0.9393939393939394,0.028463378323763135,0.20091324849624387,6.913922466443539,125.787846520103,161.32958354958166,103.16619184510641,119.39618277211002,161.1649914824176,1,0.00537146275009731,0.056485355648535567,0110,6,0x6
753,27.626289600000746,1,27.596289600000745,0.030000000000001137,0.09867062675484466,4.363148658528543,0.9393939393939394,0.3531201523156363,0.15416866578169705,6.175914608273857,126.24515286858511,161.3515823024491,106.08777852296737,125.19082357724845,166.4131942733339,1,0.007379643476992993,0.20502092050209206,0111,7,0x7
754,27.67482630000086,1,27.644826300000858,0.030000000000001137,0.01830628947210355,3.7949723323787508,0.9090909090909091,0.9778540619928003,0.13083342670184764,10.66802824315004,127.42455326339832,157.56669057476506,127.0533776927998,129.46214598864884,-177.94895271691354,1,0.006594161905164869,0.15271966527196654,0111,7,0x7
755,27.72228879999966,1,27.69228879999966,0.030000000000001137,0.30101839025150057,4.724290390852502,0.8484848484848485,0.9988567677540838,0.08139510818851517,3.2015571171160198,128.94702205215071,159.27647966004855,124.92050581082113,129.49191323679642,-178.32345502224157,1,0.002635778175854876,0.0,0111,7,0x7
756,27.754536199998256,1,27.724536199998255,0.030000000000001137,0.00613844903976933,3.6012618487675017,0.9393939393939394,0.999937923838936,0.137997442707861,13.58182178164692,134.55555680981442,159.51074856218273,121.2638591743652,129.12576190824925,-172.09084314130695,1,0.0057842747731055525,0.13598326359832635,0111,7,0x7
757,27.800965099999303,1,27.7709650999993,0.030000000000001137,0.4444337122642394,4.3192329603519175,0.7878787878787878,0.999978036764417,0.08014391042639761,2.1625449704355004,133.74102552196678,164.00531689555672,121.24118012773593,129.09493462249176,-171.37135470439188,1,0.009406885297871178,0.3389121338912134,0111,7,0x7
758,27.847671399998944,1,27.817671399998943,0.030000000000001137,0.19231413648148593,4.767532785479472,0.9393939393939394,0.8064859534929553,0.09738252466861012,4.3963336438534135,135.62494866415813,163.3020327105944,130.8391844809235,127.75853816736854,-161.83333389826257,1,0.016549010896856453,0.7175732217573222,0111,7,0x7
759,27.877942299997812,1,27.84794229999781,0.030000000000001137,0.0010175326778878023,3.5900412581757304,0.9393939393939394,0.9999982999486358,0.13913271171044886,18.374332067473915,136.32133443683952,162.0080603183194,119.43441586363215,118.77385982681744,-164.89882415813003,1,0.020802180741074316,0.8682008368200836,0111,7,0x7
760,27.909660199999053,1,27.87966019999905,0.030000000000001137,0.04429791453918278,3.603332153119514,0.9393939393939394,0.9999147322038684,0.1328800591273114,8.311513810410617,135.38043259451243,155.6496134370092,123.09865280334189,120.49820814702888,-157.97208813444178,1,0.00942542310339287,0.34309623430962344,0111,7,0x7
761,27.940902300000744,1,27.910902300000743,0.030000000000001137,0.06468772682017566,4.635808390003435,0.9090909090909091,0.46591910062443914,0.13821089249746246,7.301823437679045,131.3318100926446,141.32820741159276,119.95797150044655,118.20242952189491,-159.6680200521098,1,0.01115340832293772,0.4121338912133891,0111,7,0x7
762,27.971473999998125,1,27.941473999998124,0.030000000000001137,0.013679383175411102,4.468072207077189,1.0,0.9687505041431947,0.11214722222779472,11.44497455285564,130.03770658127283,137.73430565835443,122.29130153181093,122.53349254230659,-153.15772551731752,1,0.015913790529970356,0.6694560669456067,0111,7,0x7
763,28.002910799998062,1,27.97291079999806,0.030000000000001137,0.07609524149842677,3.570671751739157,0.9393939393939394,0.9796230176832644,0.13146703442969562,6.868718788417303,129.42846484831034,133.40883284425504,123.73586790712243,134.7908317463382,-156.11899035435076,1,0.022049584247778267,0.8661087866108786,0111,7,0x7
764,28.034025000000838,1,28.004025000000837,0.030000000000001137,0.030943482826013478,3.3046298173732045,0.8181818181818182,0.833582741340119,0.16008174612424597,9.268247661531312,130.7873706335816,146.1293737936632,120.29625380471855,135.74655882619192,-156.73514952832315,1,0.014565035099810305,0.4309623430962343,0111,7,0x7
765,28.065082999997685,1,28.035082999997684,0.030000000000001137,0.0013719034720411395,4.044249142398345,0.9393939393939394,0.9995076566967764,0.12349336500064198,17.577482954155773,131.8823355280325,129.561444990508,121.67316496378452,118.90154176652716,-153.58767802797874,1,0.019455575362190655,0.5941422594142259,0111,7,0x7
766,28.097269399997458,1,28.067269399997457,0.030000000000001137,0.16119078559778247,4.1299546000819545,0.8787878787878788,0.9999939607325006,0.10426113713131116,4.867110964926369,137.9405747347131,135.0481292574233,119.37227755682042,115.99641967111772,-153.49420652367064,1,0.030233612200882734,0.8619246861924686,0111,7,0x7
767,28.12878289999935,1,28.09878289999935,0.030000000000001137,0.061407484003135344,4.515810631450529,0.9393939393939394,0.858271028875295,0.1122724181423115,7.4405961652132095,137.89546406768795,143.62771679557193,117.80406192768567,113.92589422640238,-157.5987752043061,1,0.011570597985402631,0.5669456066945606,0111,7,0x7
768,28.159988200000953,1,28.129988200000952,0.030000000000001137,0.2281319351978004,4.366563595681961,0.8787878787878788,0.9413592092209068,0.09605263549893947,3.940883077974272,138.97978130638577,145.87288049142614,117.95166328086007,116.34676218167137,-157.37249904308266,1,0.009924958831483572,0.38702928870292885,0111,7,0x7
769,28.192207699998107,1,28.162207699998106,0.030000000000001137,0.025369727144152154,4.531891141387428,0.9393939393939394,0.9942965762231687,0.10790716825964886,9.797863094633822,139.63589756937301,149.33815372093883,115.50875622065831,111.75069257107639,-164.87879462313418,1,0.02209481031850204,0.7866108786610879,0111,7,0x7
770,28.223731599999155,1,28.193731599999154,0.030000000000001137,0.26416934054922325,4.547096552414963,0.9090909090909091,0.9961391774319521,0.08715047372704217,3.549773173325578,142.70261097111887,148.74312340988703,120.14079353170006,111.73710821777925,-166.06154582916903,1,0.008324403626516217,0.29497907949790797,0111,7,0x7
771,28.25524299999961,1,28.225242999999608,0.030000000000001137,0.2443931205961061,4.296452510523822,0.9090909090909091,0.1033790223922091,0.1695148149286946,3.757272533905551,143.86709397025174,148.10516740487827,121.57086409195149,110.2919221696683,-164.17494344663837,1,0.012743094354372375,0.604602510460251,0110,6,0x6
772,28.285563999997976,1,28.255563999997975,0.030000000000001137,0.2186822967933927,4.392551966997117,0.9393939393939394,0.14713503242915402,0.16284635661903724,4.05369413872678,144.77375621549834,149.10107530361898,121.52375440183971,101.83396133057335,-163.42634406033224,1,0.009680181476794404,0.40585774058577406,0110,6,0x6
773,28.316941000000952,1,28.28694100000095,0.030000000000001137,0.25697190055706315,4.675904720814031,0.7878787878787878,0.21187056940429325,0.14039529024752628,3.623436097115628,145.22612979749275,149.12991112826563,128.6137522830514,107.44050772117686,-168.38327444652677,1,0.009950027438545225,0.48326359832635984,0110,6,0x6
774,28.348550499998964,1,28.318550499998963,0.030000000000001137,0.13547437440084376,4.6732124979543785,0.9090909090909091,0.6929345929801836,0.11131839954619752,5.330594067627959,145.14066242363887,150.5636727624354,133.5635615923176,112.79909538851449,-174.22892489519592,1,0.01280654491999437,0.5481171548117155,0111,7,0x7
775,28.379903599998215,1,28.349903599998214,0.030000000000001137,0.15371193134844152,4.388447631302046,0.8181818181818182,0.16682310299163708,0.16927260443224318,4.9938000105049865,142.82219058721978,148.42620706513014,131.2913118563308,112.18517867301333,-178.01851410423754,1,0.005809375886627873,0.08368200836820083,0110,6,0x6
776,28.411972999998397,1,28.381972999998396,0.030000000000001137,0.5123590456922338,4.045247091423959,0.696969696969697,0.9224565722365261,0.08502438503539678,1.783279036249721,144.5219482229521,148.6483431184905,125.70963240375725,117.0254532338535,-176.89151425703395,1,0.0063871109667465896,0.1589958158995816,1111,15,0xf
777,28.44225490000099,1,28.41225490000099,0.030000000000001137,0.3519377186792405,4.198641894627217,0.7272727272727273,0.4627161313631701,0.12044102121088572,2.7848028122914252,144.1577011276208,148.9742409580376,127.29420670308791,113.12981293567744,-178.2916655652732,1,0.016722648818760653,0.6841004184100419,0111,7,0x7
778,28.474106999998185,1,28.444106999998183,0.030000000000001137,0.2220643437951915,4.3158862744699755,0.9090909090909091,0.5469245677149704,0.12256509269395544,4.012768272504342,145.0216737296597,150.18356214745378,127.01541453038293,113.1169492607092,-176.94547400380807,1,0.011037235577902097,0.5815899581589958,0111,7,0x7
779,28.506159900000057,1,28.476159900000056,0.030000000000001137,0.19446731693793345,3.0119683202273166,0.6363636363636364,0.17511380108651642,0.23653499465755812,4.366643110272218,145.39567703909313,150.60513181763693,130.5674866830057,107.9234096474257,179.53903428360638,1,0.009578647837194962,0.36401673640167365,0110,6,0x6
780,28.53730699999869,1,28.50730699999869,0.030000000000001137,0.4930916828467525,3.46541767974037,0.36363636363636365,0.845619418914283,0.10471666103615643,1.8854937412436543,144.7851589637461,151.9039835896763,129.81685852278727,111.24936081792366,177.52505885258657,1,0.011402374562331147,0.50418410041841,0101,5,0x5
781,28.56856129999869,1,28.53856129999869,0.030000000000001137,0.60971880247265,4.369912320421856,0.3333333333333333,0.2757443503689748,0.11143294442364442,1.319353087070754,145.02317603774915,152.00800350510187,130.52499694212943,111.35850448111444,176.86601840937996,1,0.005159458718582186,0.03556485355648536,1100,12,0xc
782,28.599602199999936,1,28.569602199999935,0.030000000000001137,0.4974591279961121,4.146739475029296,0.6666666666666666,0.26484581751142394,0.12732118806519355,1.8619783481067635,145.4761566938885,151.69894729693794,132.6232915277403,111.54568816366931,177.22932352290584,1,0.012539082716274894,0.6108786610878661,0110,6,0x6
783,28.631070399998862,1,28.60107039999886,0.030000000000001137,0.31089297886168404,4.421990743102431,0.7575757575757576,0.5558122745255173,0.1108811547054036,3.1154841211769027,145.91598966717902,151.74130584257952,135.62355418467007,114.42123947213682,176.2159632413825,1,0.005264270935893859,0.11715481171548117,0111,7,0x7
784,28.662204599997494,1,28.632204599997493,0.030000000000001137,0.6345689325538796,3.8952417194509668,0.30303030303030304,0.7403843903647358,0.09024375697890089,1.212824951951469,145.72610174977842,152.2499827794086,136.04363708784587,115.04544302158688,176.2588744466959,1,0.013566959185241523,0.49581589958158995,1101,13,0xd
785,28.692027000000962,1,28.66202700000096,0.030000000000001137,0.19134959575629168,4.654493179803297,0.8181818181818182,0.9214361764437833,0.09385608112322201,4.409741812534843,144.03171298406787,152.20190045498316,129.48939724136832,111.3624612319451,-179.07813690518515,1,0.011303228004612078,0.41841004184100417,0111,7,0x7
786,28.722753699999885,1,28.692753699999884,0.030000000000001137,0.5839432038675623,4.619100349895694,0.6060606060606061,0.9028825737945051,0.07182754266908693,1.434537478759379,142.89141513486206,151.3805409335418,127.02098957038979,106.01655953272889,-179.8979609616391,1,0.01753704214353988,0.7761506276150628,1111,15,0xf
787,28.753454599998804,1,28.723454599998803,0.030000000000001137,0.2684625230582464,3.6989523948275314,0.7878787878787878,0.7763525329396561,0.11998154718317788,3.5067838765377846,142.29124066534013,151.56260652492372,130.33994121365214,106.99136718111866,177.6137955760445,1,0.012009007995615282,0.5062761506276151,0111,7,0x7
788,28.78763809999873,1,28.75763809999873,0.030000000000001137,0.20882921638782714,3.1305068630993422,0.8484848484848485,0.32294010175964627,0.1997469747736978,4.176636020088423,143.07306745013372,150.91270591521746,130.855957274821,118.26995598442521,179.47586210004133,1,0.006777496923781029,0.24267782426778242,0111,7,0x7
789,28.8426518999986,1,28.8126518999986,0.030000000000001137,0.8239876478509403,4.382023610328846,0.0,0.9498441734728726,0.06416578160764007,0.5162659724191366,143.49075901017227,150.67019961490607,131.78926228577012,121.11061903308024,179.98107476259975,1,0.009141547479941397,0.46234309623430964,1101,13,0xd
790,28.878360099999554,1,28.848360099999553,0.030000000000001137,0.21274273044580924,3.5254408528155667,0.7878787878787878,0.947365376879067,0.12010758728314667,4.127124484212777,138.44286769390868,149.9958554659931,131.4051541047575,114.78693820481631,179.8549335090947,1,0.008954611406139994,0.27405857740585776,0111,7,0x7
791,28.90943029999835,1,28.879430299998347,0.030000000000001137,0.09665526863977687,4.365151310589803,0.9393939393939394,0.7825480138044849,0.11718967006763072,6.230945499319041,134.7604993447312,149.35210459606853,131.29771670855197,111.28567097620628,-179.25719977841658,1,0.00562317165553997,0.11715481171548117,0111,7,0x7
792,28.94108369999958,1,28.91108369999958,0.030000000000001137,0.1316585487751061,3.7876572279188543,0.8787878787878788,0.39023860323438564,0.16781260465574013,5.4067825587264,134.680619721787,145.80375931164983,136.64495809576408,114.9093470332432,179.51342121553975,1,0.008093910669286452,0.3368200836820084,0111,7,0x7
793,28.971870199999103,1,28.9418701999991,0.030000000000001137,0.2929625635080916,4.473361538948355,0.5454545454545454,0.788117734471574,0.09669052972548978,3.2738945272672284,137.05854094583304,146.99067057365275,136.71489568713062,114.67048810705863,179.34876131409845,1,0.011340653783020776,0.5543933054393305,0111,7,0x7
794,29.00363119999747,1,28.97363119999747,0.030000000000001137,0.4839907993158957,4.409941283988166,0.48484848484848486,0.5845596695023504,0.09643337943708806,1.9351716856641745,135.20198457443377,146.54907625364717,135.98154785832938,114.00912606755031,178.80682997214208,1,0.006017437904502679,0.1108786610878661,0111,7,0x7
795,29.03575869999986,1,29.00575869999986,0.030000000000001137,0.2196836232877373,4.413119374811699,0.8181818181818182,0.7830357156866001,0.10419505053126812,4.041511582981874,132.82931163647697,147.54234089214893,142.0310341046138,107.93864715185698,171.32588520036393,1,0.013236117928655122,0.6464435146443515,0111,7,0x7
796,29.066769499997463,1,29.03676949999746,0.030000000000001137,0.0322662429990368,3.425908965226258,1.0,0.9880610819851029,0.14223377359592204,9.156623209730473,130.8187699166012,143.11527215221736,133.09494990094836,94.57523486060647,161.5403930850139,0,0.0,0.0,0111,7,0x7
797,29.09825819999969,1,29.06825819999969,0.030000000000001137,0.024389137423647553,4.083399489653071,0.9393939393939394,0.35676861115881836,0.17620059784285405,9.902979822303116,129.13330440480556,131.64401870187626,119.40904272940742,106.84195978127218,170.51792461396852,1,0.029052792491818687,0.9539748953974896,0111,7,0x7
798,29.1302254000002,1,29.1002254000002,0.030000000000001137,0.18134729380404757,4.237998413932015,0.9393939393939394,0.9905492294203626,0.10034337322958291,4.5529102289804975,130.67587668856015,136.3720199334624,125.00975404679413,100.74089822781673,168.7536760609709,1,0.03227924978730158,0.8430962343096234,0111,7,0x7
799,29.162164999997913,1,29.13216499999791,0.030000000000001137,0.13029845037737048,4.171054343577613,0.9393939393939394,0.4142922671991607,0.1499760298408753,5.434473833736781,130.29018358669813,136.1955969694989,136.93851187873204,98.7294314906544,163.07056532690447,1,0.020710781707225925,0.899581589958159,0111,7,0x7
800,29.193206899999495,1,29.163206899999494,0.030000000000001137,0.1635275532162229,3.0865091455636926,0.9090909090909091,0.29393856699138865,0.2151999182857224,4.828730084380594,131.89335205003923,138.72987499438003,142.42770300120674,101.51307514027084,160.41504274324387,1,0.02176384436360994,0.8242677824267782,0110,6,0x6
801,29.244511400000192,1,29.21451140000019,0.030000000000001137,0.10476455959617621,4.331122774364564,0.7272727272727273,0.5325428274357309,0.1363694696418626,6.016105962880791,127.23073813122426,135.48708241347165,133.51146245679303,95.49581790229655,165.06089355182044,1,0.015084835946291227,0.604602510460251,0111,7,0x7
802,29.294371500000125,1,29.264371500000124,0.030000000000001137,0.25375898830364957,3.09569183182717,0.42424242424242425,0.8273125692227098,0.14099878738677055,3.6569875396456655,127.49348523516957,132.53289539647676,131.1736250965791,114.85238009225705,166.54472523389353,1,0.007931261213653904,0.303347280334728,0111,7,0x7
803,29.335080099997867,1,29.305080099997866,0.030000000000001137,0.22028085868176525,2.6458927520872555,0.7575757575757576,0.18643585486716582,0.26105000237779497,4.034271777220613,125.80065620135838,144.37978962748028,135.0842056305469,121.85107012239854,167.30660879532374,1,0.006905040468053654,0.21548117154811716,0110,6,0x6
804,29.365865899999335,1,29.335865899999334,0.030000000000001137,0.10359525816008325,3.094662947843963,0.696969696969697,0.7640535689357336,0.16598355036761292,6.046036588959317,126.53282753981928,146.55857081202217,137.7293981969408,99.6654001654665,163.54473875843047,1,0.00521013524572555,0.12133891213389121,0111,7,0x7
805,29.399965599997813,1,29.369965599997812,0.030000000000001137,0.10264704936161355,3.6922680235886327,0.5454545454545454,0.012259598709360272,0.24264891714519707,6.070557014882311,124.56326342543969,149.0594048791801,134.66317797747453,99.62365714270342,164.5271828040231,1,0.0045757696272189854,0.03138075313807531,0110,6,0x6
806,29.44364019999921,1,29.413640199999207,0.030000000000001137,0.10496722062606367,4.257716191271715,0.9393939393939394,0.029793471238459632,0.20640668653358762,6.010952432207832,123.12279571722812,144.91487652533448,132.75172538705465,98.15620299772371,161.6660997460523,1,0.0053207514388913,0.06694560669456066,0110,6,0x6
807,29.489928399998462,1,29.45992839999846,0.030000000000001137,0.06843272780476012,4.332386765277119,0.9090909090909091,0.5156499744729514,0.14253669359842047,7.151744245624575,130.85951081926558,145.56831825122757,140.97202508302422,118.16667144649975,162.2216144164746,1,0.012675449807262476,0.5711297071129707,0111,7,0x7
808,29.521597899998596,1,29.491597899998595,0.030000000000001137,0.20252054997858435,3.60108498030687,0.6060606060606061,0.8950291826549159,0.12185917138202369,4.258437109889718,133.24773860488406,144.09729923864006,140.86639153413162,107.93238692756262,160.75639174665662,1,0.02205992827519363,0.7552301255230126,0111,7,0x7
809,29.552786799999012,1,29.52278679999901,0.030000000000001137,0.3850732086240938,4.0486977219271445,0.5151515151515151,0.6945998285872685,0.10523125738774969,2.5448581613349193,132.0767837823696,144.069021182842,140.35390491160481,104.11139885380447,161.4629111458345,1,0.023972940874976856,0.9267782426778243,0111,7,0x7
810,29.583940900000016,1,29.553940900000015,0.030000000000001137,0.1688670534302677,4.143432124154033,0.8181818181818182,0.8001739388403245,0.11469914580486931,4.743049439296608,129.77141035617637,137.46455956522757,133.4283068076009,101.50272944533323,167.87136553980625,1,0.011593839249201418,0.47280334728033474,0111,7,0x7
811,29.615672600000835,1,29.585672600000834,0.030000000000001137,0.567686348175614,4.082445710193342,0.3939393939393939,0.9241308526091897,0.08120556683302359,1.5098299111943203,129.91824347523985,137.9021624973949,126.9357624678245,106.79063180786814,170.28147732963558,1,0.0071199452579604255,0.2217573221757322,1101,13,0xd
812,29.64939719999893,1,29.61939719999893,0.030000000000001137,0.15512081542512174,4.1089185545237354,0.8484848484848485,0.9390346261924138,0.10865744596936026,4.969469363530618,129.11370860027094,135.61987481650107,115.4050245459289,100.84534756106207,175.4514395022381,1,0.004016895202252719,0.04602510460251046,0111,7,0x7
813,29.678000500000053,1,29.64800050000005,0.030000000000001137,0.5224534890537418,4.668524079788598,0.6060606060606061,0.9244948445720861,0.07310710913045229,1.7312515073877544,128.84593684729637,136.0655539272764,120.79264124046729,106.86682618992256,176.77719142575458,1,0.007052351871888714,0.15481171548117154,1111,15,0xf
814,29.709191199999623,1,29.67919119999962,0.030000000000001137,0.4372261138931995,4.277436630777243,0.42424242424242425,0.23308317819623148,0.13191644620381332,2.206146118952324,130.12616670403634,134.7037730024469,118.13914421500453,105.79221750106346,175.643191081141,1,0.004379713850633368,0.010460251046025104,0110,6,0x6
815,29.74322399999801,1,29.713223999998007,0.030000000000001137,0.6819685330675518,4.305957050818772,0.30303030303030304,0.5318423785950366,0.09013601623988955,1.0207246970673174,128.4045734283428,136.65267817266823,121.05683491069047,106.93340439807862,175.96264139130568,1,0.0041580339749886655,0.06694560669456066,1101,13,0xd
816,29.77178079999794,1,29.74178079999794,0.030000000000001137,0.5415303938842363,4.266922090018105,0.696969696969697,0.2981116340719567,0.117117327230371,1.6356162268252903,130.27123493530885,140.5597277359008,121.89323706503023,108.5254040123559,175.4111634490476,1,0.01988578234176311,0.9393305439330544,1110,14,0xe
817,29.8031439999977,1,29.7731439999977,0.030000000000001137,0.5841481386604683,3.222971333177273,0.30303030303030304,0.10066511381247781,0.1779477759567547,1.43360177661556,129.82229702703103,138.52835020433645,120.15598603105634,108.81366727876208,174.72053816078542,1,0.0062674431330332495,0.13598326359832635,1100,12,0xc
818,29.83379860000059,1,29.80379860000059,0.030000000000001137,0.45101774580341064,3.327364994362836,0.7272727272727273,0.3318127451362703,0.15551907560980563,2.1233295801976677,129.90017246344695,141.80571546202106,122.09606115219688,103.88660025764112,172.4691318143598,1,0.018930156647157158,0.9225941422594143,0111,7,0x7
819,29.865760299999238,1,29.835760299999237,0.030000000000001137,0.21564560039704198,4.2743671528269545,0.7575757575757576,0.7547178787938188,0.10967657820509755,4.090983887164501,129.8051324718983,135.32584248666737,119.22886196924028,99.21695629557324,174.67771102994547,1,0.008930567280502212,0.35355648535564854,0111,7,0x7
820,29.89580399999977,1,29.86580399999977,0.030000000000001137,0.450099326936102,4.239731631195028,0.5454545454545454,0.7535457041173311,0.09275702093930344,2.1287653174655614,128.81340713786875,130.09530776708698,118.04289387463125,99.44034175436012,177.5289936841452,1,0.009127402290862154,0.32426778242677823,0111,7,0x7
821,29.925478799999837,1,29.895478799999836,0.030000000000001137,0.6979045234791094,3.822619307082507,0.24242424242424243,0.5261589333496848,0.10095455586164614,0.9591279237928966,129.16506799938276,131.92629328272022,118.30627081863241,100.24239871720489,177.51499050295482,1,0.010052995467439063,0.4811715481171548,1101,13,0xd
822,29.957120200000645,1,29.927120200000644,0.030000000000001137,0.508891479966226,3.1855157772857092,0.42424242424242425,0.39788198718831225,0.14883042592281615,1.8013879668969974,129.0136487502958,137.87678574600275,118.41910711820981,99.60939168668077,178.06623942804595,1,0.0038044624408141046,0.012552301255230125,1111,15,0xf
823,29.989518899998075,1,29.959518899998073,0.030000000000001137,0.3068642810650751,3.1997939965792495,0.696969696969697,0.5878922450354521,0.1506005177624933,3.150265894300963,131.83393683724455,143.51505468558238,119.76880716326606,100.59409049180212,178.53055562855124,1,0.005247593510345444,0.04602510460251046,0111,7,0x7
824,30.018997600000148,1,29.988997600000147,0.030000000000001137,0.7417322407018384,4.558127047105824,0.21212121212121213,0.8264326073578317,0.06896496672615511,0.7967119000767334,131.68237319528973,144.58816288114824,119.69019096388803,99.10701478517109,178.09338486246313,1,0.00822177487683721,0.3493723849372385,1101,13,0xd
825,30.049629400000413,1,30.01962940000041,0.030000000000001137,0.5557377003222951,2.9691979873422314,0.21212121212121213,0.366974750024208,0.1583667388927542,1.566556954817336,132.22753083032768,140.4402930684506,119.73041767305408,100.57717321206178,177.51616026352838,1,0.0038514427079955325,0.006276150627615063,1101,13,0xd
826,30.079736399999092,1,30.04973639999909,0.030000000000001137,0.5785289236624995,4.31251553283469,0.5757575757575758,0.053538255009112204,0.13943328965881052,1.459377962427313,131.1466149310784,138.84077426569,118.86134088916226,99.12937345444013,177.64554131052938,1,0.006775618476569935,0.29707112970711297,1110,14,0xe
827,30.11250989999826,1,30.082509899998257,0.030000000000001137,0.07273583031656414,4.225300797221835,0.9090909090909091,0.9920973498495612,0.11074879867284533,6.989123104485134,131.89101228423326,142.25557051447296,114.48691385875445,98.32571007860592,-177.35626344943682,1,0.006851378040226968,0.20920502092050208,0111,7,0x7
828,30.14396080000006,1,30.113960800000058,0.030000000000001137,0.4538231473571609,3.5206231342300836,0.5151515151515151,0.9849553497709312,0.09842788207010404,2.106793866929632,131.82669012757594,142.54905501745154,115.31365335319104,93.3293007183411,-177.92055415209663,1,0.004561083914431441,0.06694560669456066,0111,7,0x7
829,30.174586400000408,1,30.144586400000406,0.030000000000001137,0.4083486156331158,4.6317936001259605,0.8484848484848485,0.13985899888363895,0.13448984660628668,2.3883573848838364,133.7175748696886,143.9346113370036,116.25720590122489,96.92110128934677,-176.92661473529708,1,0.006754682151784934,0.24267782426778242,0110,6,0x6
830,30.205141499998717,1,30.175141499998716,0.030000000000001137,0.32282745874181534,3.4807513741284013,0.7272727272727273,0.30347046013869844,0.16661826278169256,3.0150327518616686,134.24841693723738,143.33580223160396,115.50173808009353,99.47017807780654,-177.19180288173692,1,0.003056195488816382,0.008368200836820083,0111,7,0x7
831,30.231674299997394,1,30.201674299997393,0.030000000000001137,0.1239521355679478,3.547429776585467,0.42424242424242425,0.8554950913927083,0.1351694561020189,5.567626110346226,138.69307837481063,146.87701177233168,117.41283992343031,96.06042818885437,-179.99419858988904,1,0.004468661216493451,0.04602510460251046,0111,7,0x7
832,30.268351200000325,1,30.238351200000324,0.030000000000001137,0.11237810080577286,4.072513459695205,0.6060606060606061,0.1299626607498409,0.19535338849873657,5.8290298485164564,139.26083352169164,140.90691583521053,123.2404267562613,92.54035108458602,176.22525253831216,1,0.0053787901835994235,0.12133891213389121,0110,6,0x6
833,30.299858399997902,1,30.2698583999979,0.030000000000001137,0.05512857422529487,4.126697778854375,0.8787878787878788,0.739602462256403,0.13202067157394282,7.728232290034249,140.50194804080402,146.37039028953987,120.75928665748437,98.17973880691352,-178.71231866958834,1,0.00560525837961414,0.0397489539748954,0111,7,0x7
834,30.331331299999874,1,30.301331299999873,0.030000000000001137,0.46457956373136644,3.948283788889651,0.7575757575757576,0.9932225412965777,0.08676066647766716,2.044326523776428,140.19492727216527,148.48832773970642,117.44026453917903,99.16831063183014,-178.19760203401697,1,0.003087050600349367,0.0,0111,7,0x7
835,30.362925699999323,1,30.332925699999322,0.030000000000001137,0.5117163809008716,4.143409985285004,0.48484848484848486,0.12814189038876547,0.14151681533607854,1.786626002610673,138.5999314243214,148.57061310758078,117.87268800617866,100.0753728820802,-178.37147860517584,1,0.00406128664873481,0.0,1110,14,0xe
836,30.392826299997978,1,30.362826299997977,0.030000000000001137,0.4728248910905278,3.6574288969683946,0.45454545454545453,0.10500538171872434,0.16799973617028582,1.9974137817211235,138.98372876122605,148.28478431284714,116.8786257893966,98.64638317562647,-177.74122788895266,1,0.00579362994013875,0.10251046025104603,0110,6,0x6
837,30.425671499997406,1,30.395671499997405,0.030000000000001137,0.3788366229310014,3.506919351038949,0.3939393939393939,0.28718309061797,0.1606649286586904,2.588400642398638,138.1573434161823,149.99191339495573,118.08041375484281,98.32795442504768,-179.3826987486124,1,0.003630822286671081,0.0,0100,4,0x4
838,30.456808899998578,1,30.426808899998576,0.030000000000001137,0.46344549138018615,4.292300674891566,0.7272727272727273,0.2624876914646856,0.12609740805524453,2.050844008245666,139.03452626256887,150.00922596992223,120.68848565264683,99.48162320072692,-179.03110047707807,1,0.0059344488338670225,0.06903765690376569,0110,6,0x6
839,30.489663799999107,1,30.459663799999106,0.030000000000001137,0.16933243238421739,3.98561520709846,0.5454545454545454,0.8722554453149735,0.11460446418500361,4.735710508403993,136.4037537677794,152.86433575648505,123.82725651403,98.86264886885665,178.13015401771688,1,0.004252381047836581,0.0397489539748954,0111,7,0x7
840,30.52087549999851,1,30.49087549999851,0.030000000000001137,0.4099897189915987,4.042313039070765,0.42424242424242425,0.8271437096545143,0.09602435627011056,2.3776618539423886,136.40805800523896,149.74887505950306,123.5352492364225,100.19232804153684,178.5667732409152,1,0.005552212157107191,0.0794979079497908,0111,7,0x7
841,30.550001299998257,1,30.520001299998256,0.030000000000001137,0.3599416120283612,4.088112326435362,0.8181818181818182,0.17186423341456306,0.15348983451915715,2.724835865322874,137.2347093570951,149.96447030336762,126.18408298999357,99.82654820187581,178.3398902465497,1,0.003914258869181866,0.043933054393305436,0110,6,0x6
842,30.58053590000054,1,30.55053590000054,0.030000000000001137,0.4848597921264343,2.8689665028327,0.30303030303030304,0.37757112859422537,0.17040213934713017,1.9303880486342324,137.27061919329674,150.03104978574046,123.50322768352267,96.54350366290743,176.16131658194638,1,0.004289965930738626,0.010460251046025104,0101,5,0x5
843,30.61137840000083,1,30.58137840000083,0.030000000000001137,0.19877741752979808,3.6087768266988727,0.8181818181818182,0.8302370175196696,0.12629730591189178,4.3081855603370025,135.78435036989043,149.33405210543444,122.3570632295669,92.19948298415571,171.41618864707033,1,0.004012862151230891,0.0,0111,7,0x7
844,30.642829199998232,1,30.61282919999823,0.030000000000001137,0.08782281278032998,3.988528751116571,0.6060606060606061,0.7965686225899654,0.12828778314570927,6.486490627826225,137.3782001091259,150.38899916329532,122.96421337088924,98.05873891172949,173.12016441552743,1,0.0031946419991624266,0.0,0111,7,0x7
845,30.673529899999266,1,30.643529899999265,0.030000000000001137,0.48498849816960704,3.6937564515458514,0.3939393939393939,0.9792270570486921,0.09211132593789811,1.9296802758401241,136.55117386723398,149.702550431804,123.45804399947939,96.32585341718057,172.62156535115432,1,0.005469911657910425,0.07322175732217573,0101,5,0x5
846,30.704003799997736,1,30.674003799997735,0.030000000000001137,0.5385196611214493,4.342864517471627,0.6060606060606061,0.13869863645658664,0.13143525369666248,1.6504833923968951,135.82882668115917,149.8770258702615,121.43738729824655,94.57603528550064,173.28719949308154,1,0.00401815070400219,0.0,1110,14,0xe
847,30.73549809999895,1,30.705498099998948,0.030000000000001137,0.4883303661204742,4.676518704648179,0.48484848484848486,0.1297076314794942,0.12717797893434019,1.9113683264568513,134.51015268831887,151.4401673921164,124.0978195179034,94.239140469302,176.03508695197232,1,0.003288859976065663,0.014644351464435146,0110,6,0x6
848,30.76882459999979,1,30.738824599999788,0.030000000000001137,0.17406213194273404,4.553881316691059,0.8787878787878788,0.8799260115028502,0.0994916090281706,4.662247902332863,133.31202675588762,148.61254334052614,119.54316067477953,90.91349329240512,174.84107661741433,1,0.0013985687146030267,0.0,0111,7,0x7
849,30.809440000000905,1,30.779440000000903,0.030000000000001137,0.6407320659488633,4.739363374217665,0.6363636363636364,0.9399475281560254,0.0662906599864026,1.1870504087593419,133.2603933605012,147.56506222434666,117.99727441764703,92.56405511138288,175.0652954856603,1,0.001997876975380863,0.0020920502092050207,1111,15,0xf
850,30.845582099998865,1,30.815582099998863,0.030000000000001137,0.5557183045345888,3.895487155981484,0.42424242424242425,0.18755306356483445,0.13894861981195597,1.566650025708724,136.15313428042407,147.92645369373045,118.98418669941323,95.00613255595249,177.3684245084282,1,0.001350163569042017,0.0,1110,14,0xe
851,30.877376000000368,1,30.847376000000367,0.030000000000001137,0.6023333178785487,4.108682031525995,0.5454545454545454,0.10698823621168262,0.1372150026336222,1.351851473909845,135.16597890008896,147.63404907265257,120.19042378986111,94.88027965751849,176.90952781649656,1,0.0017089157027623083,0.0,1110,14,0xe
852,30.90836549999949,1,30.87836549999949,0.030000000000001137,0.3055110487007815,3.91136160079899,0.696969696969697,0.7187721095226465,0.11393920443561563,3.1620515601717596,137.93454457507417,147.72827257157894,122.86666691344064,98.47305316260778,177.43254997072725,1,0.0014198933670848978,0.0,0111,7,0x7
853,30.939029900000605,1,30.909029900000604,0.030000000000001137,0.2999459239772774,3.0217352171198097,0.42424242424242425,0.024506744031325963,0.24848689290697748,3.211074863953504,137.48924634571938,146.21783673054364,119.12112103661373,96.96881502285896,177.46790325177682,1,0.0027881408660154414,0.0,0110,6,0x6
854,30.972128099998372,1,30.94212809999837,0.030000000000001137,0.315515122447522,2.8410252750589766,0.36363636363636365,0.06737033889675521,0.2506766762268718,3.076129777231054,136.87179534917996,145.97769170910257,122.1904918088694,103.15013903397644,179.09717086078012,1,0.003724328514934668,0.0,0100,4,0x4
855,31.003228699999454,1,30.973228699999453,0.030000000000001137,0.6930168562999769,4.521941235203839,0.36363636363636365,0.7814679989317062,0.0733222491305926,0.9778692171275869,136.70019590447401,146.08806981446557,121.60090141832751,99.51599775877942,179.79419017448438,1,0.003381846572437504,0.0,1101,13,0xd
856,31.035307800000737,1,31.005307800000736,0.030000000000001137,0.38057273069444764,3.9052242960834915,0.696969696969697,0.6635721393668689,0.11149440857096887,2.576207933036181,133.7529666431615,146.31088601259262,119.6504024004413,95.7698083088139,177.73155511493417,1,0.002057065059344697,0.0,0111,7,0x7
857,31.06621919999816,1,31.036219199998158,0.030000000000001137,0.23126604521610222,4.226511293622752,0.5454545454545454,0.5811150994380547,0.12153533908879115,3.904497387408734,135.71287005120118,147.74130978408593,121.63407431384344,99.96375631011391,178.47089459127594,1,0.002059401162896515,0.0,0111,7,0x7
